{
  "type": "FeatureCollection",
  "name": "batas_administrasi",
  "crs": {
    "type": "name",
    "properties": {
      "name": "urn:ogc:def:crs:OGC:1.3:CRS84"
    }
  },
  "features": [
    {
      "type": "Feature",
      "properties": {
        "OBJECTID": 1,
        "LEFT_FID": 12,
        "RIGHT_FID": 4,
        "Shape_Leng": 0.03982325866
      },
      "geometry": {
        "type": "MultiLineString",
        "coordinates": [
          [
            [
              110.197619,
              -7.737901
            ],
            [
              110.197371,
              -7.737793
            ],
            [
              110.197303,
              -7.737768
            ],
            [
              110.197374,
              -7.73766
            ],
            [
              110.1974,
              -7.737629
            ],
            [
              110.197455,
              -7.737558
            ],
            [
              110.197518,
              -7.737418
            ],
            [
              110.197545,
              -7.737193
            ],
            [
              110.197521,
              -7.73695
            ],
            [
              110.197487,
              -7.73638
            ],
            [
              110.197478,
              -7.736241
            ],
            [
              110.197471,
              -7.735946
            ],
            [
              110.197461,
              -7.735538
            ],
            [
              110.197423,
              -7.73525
            ],
            [
              110.197335,
              -7.734997
            ],
            [
              110.197299,
              -7.734829
            ],
            [
              110.197355,
              -7.734694
            ],
            [
              110.197728,
              -7.734118
            ],
            [
              110.198222,
              -7.733636
            ],
            [
              110.198427,
              -7.733431
            ],
            [
              110.198461,
              -7.733305
            ],
            [
              110.198536,
              -7.732681
            ],
            [
              110.198513,
              -7.73268
            ],
            [
              110.198364,
              -7.732672
            ],
            [
              110.198025,
              -7.732684
            ],
            [
              110.197766,
              -7.732533
            ],
            [
              110.197553,
              -7.732399
            ],
            [
              110.197384,
              -7.732342
            ],
            [
              110.197051,
              -7.732052
            ],
            [
              110.196961,
              -7.7319
            ],
            [
              110.19696,
              -7.731777
            ],
            [
              110.196981,
              -7.731666
            ],
            [
              110.196906,
              -7.731573
            ],
            [
              110.196736,
              -7.731508
            ],
            [
              110.19653,
              -7.731432
            ],
            [
              110.196372,
              -7.731307
            ],
            [
              110.196301,
              -7.731184
            ],
            [
              110.196236,
              -7.731058
            ],
            [
              110.196157,
              -7.730997
            ],
            [
              110.195941,
              -7.731095
            ],
            [
              110.195933,
              -7.731099
            ],
            [
              110.195844,
              -7.731136
            ],
            [
              110.195641,
              -7.73089
            ],
            [
              110.195572,
              -7.730655
            ],
            [
              110.19554,
              -7.73058
            ],
            [
              110.195258,
              -7.730575
            ],
            [
              110.19511,
              -7.730558
            ],
            [
              110.194635,
              -7.730363
            ],
            [
              110.19446,
              -7.730344
            ],
            [
              110.194353,
              -7.73032
            ],
            [
              110.194247,
              -7.730199
            ],
            [
              110.193827,
              -7.72985
            ],
            [
              110.193788,
              -7.729808
            ],
            [
              110.193717,
              -7.729734
            ],
            [
              110.193557,
              -7.72946
            ],
            [
              110.193312,
              -7.729304
            ],
            [
              110.193032,
              -7.729151
            ],
            [
              110.192842,
              -7.729044
            ],
            [
              110.192498,
              -7.72887
            ],
            [
              110.192001,
              -7.728614
            ],
            [
              110.191596,
              -7.728446
            ],
            [
              110.191584,
              -7.728443
            ],
            [
              110.191463,
              -7.728409
            ],
            [
              110.191319,
              -7.728466
            ],
            [
              110.191265,
              -7.728514
            ],
            [
              110.191191,
              -7.728554
            ],
            [
              110.190817,
              -7.72839
            ],
            [
              110.190455,
              -7.728216
            ],
            [
              110.190145,
              -7.7281
            ],
            [
              110.190009,
              -7.728012
            ],
            [
              110.189958,
              -7.727939
            ],
            [
              110.189957,
              -7.727769
            ],
            [
              110.189913,
              -7.72767
            ],
            [
              110.189839,
              -7.727613
            ],
            [
              110.189545,
              -7.727566
            ],
            [
              110.189411,
              -7.727488
            ],
            [
              110.189351,
              -7.727444
            ],
            [
              110.189323,
              -7.727424
            ],
            [
              110.189058,
              -7.727585
            ],
            [
              110.18883,
              -7.727687
            ],
            [
              110.18875,
              -7.727696
            ],
            [
              110.188532,
              -7.727556
            ],
            [
              110.188362,
              -7.727455
            ],
            [
              110.188234,
              -7.727426
            ],
            [
              110.188209,
              -7.727433
            ],
            [
              110.188152,
              -7.727449
            ],
            [
              110.188077,
              -7.727678
            ],
            [
              110.188006,
              -7.727868
            ],
            [
              110.187915,
              -7.727951
            ],
            [
              110.187735,
              -7.728237
            ],
            [
              110.187655,
              -7.728328
            ],
            [
              110.187482,
              -7.728441
            ],
            [
              110.187363,
              -7.728522
            ],
            [
              110.187251,
              -7.728534
            ],
            [
              110.187171,
              -7.728531
            ],
            [
              110.186988,
              -7.728501
            ],
            [
              110.186925,
              -7.728495
            ],
            [
              110.186833,
              -7.728487
            ],
            [
              110.186568,
              -7.728593
            ],
            [
              110.186375,
              -7.728686
            ],
            [
              110.186192,
              -7.728695
            ],
            [
              110.18596,
              -7.728691
            ],
            [
              110.185859,
              -7.728673
            ],
            [
              110.185774,
              -7.728563
            ],
            [
              110.185697,
              -7.728451
            ],
            [
              110.185612,
              -7.728416
            ],
            [
              110.185607,
              -7.728415
            ],
            [
              110.185401,
              -7.728464
            ],
            [
              110.185201,
              -7.728493
            ],
            [
              110.185031,
              -7.728462
            ],
            [
              110.184953,
              -7.728406
            ],
            [
              110.18491,
              -7.728299
            ],
            [
              110.184909,
              -7.728293
            ],
            [
              110.184882,
              -7.728129
            ],
            [
              110.184843,
              -7.728075
            ],
            [
              110.184689,
              -7.72799
            ],
            [
              110.184789,
              -7.727739
            ],
            [
              110.185243,
              -7.726499
            ],
            [
              110.185982,
              -7.724439
            ],
            [
              110.186413,
              -7.723558
            ],
            [
              110.186538,
              -7.723434
            ],
            [
              110.186763,
              -7.723365
            ],
            [
              110.186847,
              -7.72334
            ],
            [
              110.18707,
              -7.723375
            ],
            [
              110.187855,
              -7.723497
            ],
            [
              110.188064,
              -7.723399
            ],
            [
              110.188204,
              -7.72329
            ],
            [
              110.188509,
              -7.723192
            ],
            [
              110.188743,
              -7.723222
            ],
            [
              110.189287,
              -7.723401
            ],
            [
              110.189584,
              -7.723421
            ],
            [
              110.189703,
              -7.723396
            ],
            [
              110.189893,
              -7.723308
            ],
            [
              110.189969,
              -7.723225
            ],
            [
              110.189998,
              -7.723174
            ],
            [
              110.190098,
              -7.723024
            ],
            [
              110.190212,
              -7.72282
            ],
            [
              110.190241,
              -7.722799
            ],
            [
              110.190392,
              -7.722676
            ],
            [
              110.190491,
              -7.722542
            ],
            [
              110.190585,
              -7.722529
            ],
            [
              110.190742,
              -7.722505
            ],
            [
              110.19093,
              -7.722347
            ],
            [
              110.191034,
              -7.722269
            ],
            [
              110.191276,
              -7.722159
            ],
            [
              110.191408,
              -7.722103
            ],
            [
              110.19169,
              -7.722046
            ],
            [
              110.192267,
              -7.721945
            ],
            [
              110.192532,
              -7.721811
            ],
            [
              110.192708,
              -7.721803
            ],
            [
              110.192833,
              -7.721742
            ],
            [
              110.193035,
              -7.721654
            ],
            [
              110.192869,
              -7.721558
            ],
            [
              110.192798,
              -7.72153
            ],
            [
              110.192787,
              -7.721525
            ],
            [
              110.192575,
              -7.721592
            ],
            [
              110.192431,
              -7.721629
            ],
            [
              110.192089,
              -7.721583
            ],
            [
              110.191913,
              -7.721566
            ],
            [
              110.191738,
              -7.721361
            ],
            [
              110.191553,
              -7.721223
            ],
            [
              110.191547,
              -7.721219
            ],
            [
              110.191444,
              -7.721196
            ],
            [
              110.191293,
              -7.721251
            ],
            [
              110.191203,
              -7.72129
            ],
            [
              110.191107,
              -7.721241
            ],
            [
              110.19093,
              -7.721092
            ],
            [
              110.190741,
              -7.720991
            ],
            [
              110.190611,
              -7.720924
            ],
            [
              110.19056,
              -7.720853
            ],
            [
              110.190526,
              -7.720726
            ],
            [
              110.190359,
              -7.720591
            ],
            [
              110.190304,
              -7.72052
            ],
            [
              110.190258,
              -7.720237
            ],
            [
              110.190197,
              -7.720056
            ],
            [
              110.190086,
              -7.719936
            ],
            [
              110.189824,
              -7.719809
            ],
            [
              110.189735,
              -7.71978
            ]
          ]
        ]
      }
    },
    {
      "type": "Feature",
      "properties": {
        "OBJECTID": 2,
        "LEFT_FID": 12,
        "RIGHT_FID": 1,
        "Shape_Leng": 0.07042403807
      },
      "geometry": {
        "type": "MultiLineString",
        "coordinates": [
          [
            [
              110.189735,
              -7.71978
            ],
            [
              110.18964,
              -7.719765
            ],
            [
              110.189512,
              -7.719753
            ],
            [
              110.189219,
              -7.719756
            ],
            [
              110.188958,
              -7.719792
            ],
            [
              110.188698,
              -7.71978
            ],
            [
              110.188468,
              -7.719694
            ],
            [
              110.188248,
              -7.719641
            ],
            [
              110.187974,
              -7.71958
            ],
            [
              110.187805,
              -7.719589
            ],
            [
              110.187796,
              -7.719591
            ],
            [
              110.187554,
              -7.719598
            ],
            [
              110.187499,
              -7.719591
            ],
            [
              110.187458,
              -7.719586
            ],
            [
              110.187353,
              -7.719572
            ],
            [
              110.187291,
              -7.719574
            ],
            [
              110.187199,
              -7.719596
            ],
            [
              110.187092,
              -7.719701
            ],
            [
              110.187015,
              -7.719759
            ],
            [
              110.186958,
              -7.719772
            ],
            [
              110.186795,
              -7.719776
            ],
            [
              110.186659,
              -7.71974
            ],
            [
              110.186512,
              -7.719724
            ],
            [
              110.186505,
              -7.719725
            ],
            [
              110.186485,
              -7.719729
            ],
            [
              110.186293,
              -7.719889
            ],
            [
              110.185869,
              -7.720182
            ],
            [
              110.185387,
              -7.720299
            ],
            [
              110.184946,
              -7.720373
            ],
            [
              110.184898,
              -7.72036
            ],
            [
              110.184722,
              -7.720321
            ],
            [
              110.184692,
              -7.72031
            ],
            [
              110.184633,
              -7.720294
            ],
            [
              110.184308,
              -7.720263
            ],
            [
              110.184304,
              -7.720263
            ],
            [
              110.184025,
              -7.720254
            ],
            [
              110.183935,
              -7.720249
            ],
            [
              110.183913,
              -7.720249
            ],
            [
              110.183793,
              -7.72025
            ],
            [
              110.183709,
              -7.72025
            ],
            [
              110.183586,
              -7.720239
            ],
            [
              110.183556,
              -7.720238
            ],
            [
              110.183526,
              -7.720197
            ],
            [
              110.183433,
              -7.720114
            ],
            [
              110.183198,
              -7.719993
            ],
            [
              110.182613,
              -7.719821
            ],
            [
              110.182488,
              -7.71976
            ],
            [
              110.182271,
              -7.719603
            ],
            [
              110.182141,
              -7.719485
            ],
            [
              110.182053,
              -7.719351
            ],
            [
              110.181794,
              -7.718997
            ],
            [
              110.181389,
              -7.718818
            ],
            [
              110.181279,
              -7.718877
            ],
            [
              110.18091,
              -7.719175
            ],
            [
              110.180749,
              -7.719326
            ],
            [
              110.180283,
              -7.719686
            ],
            [
              110.180268,
              -7.719694
            ],
            [
              110.180167,
              -7.71977
            ],
            [
              110.180064,
              -7.719816
            ],
            [
              110.180002,
              -7.71982
            ],
            [
              110.179953,
              -7.719815
            ],
            [
              110.17984,
              -7.71977
            ],
            [
              110.179613,
              -7.719618
            ],
            [
              110.17949,
              -7.719473
            ],
            [
              110.179467,
              -7.719365
            ],
            [
              110.179468,
              -7.719179
            ],
            [
              110.179484,
              -7.719013
            ],
            [
              110.179416,
              -7.71892
            ],
            [
              110.179093,
              -7.718691
            ],
            [
              110.178957,
              -7.718662
            ],
            [
              110.178669,
              -7.71866
            ],
            [
              110.178517,
              -7.718632
            ],
            [
              110.178026,
              -7.71839
            ],
            [
              110.17787,
              -7.718386
            ],
            [
              110.177728,
              -7.718374
            ],
            [
              110.177635,
              -7.718315
            ],
            [
              110.177448,
              -7.718186
            ],
            [
              110.177114,
              -7.718094
            ],
            [
              110.17688,
              -7.718022
            ],
            [
              110.176726,
              -7.717979
            ],
            [
              110.176686,
              -7.717984
            ],
            [
              110.17647,
              -7.718009
            ],
            [
              110.17629,
              -7.71801
            ],
            [
              110.176185,
              -7.718046
            ],
            [
              110.175914,
              -7.718103
            ],
            [
              110.175823,
              -7.718064
            ],
            [
              110.175753,
              -7.718032
            ],
            [
              110.175576,
              -7.717952
            ],
            [
              110.175436,
              -7.717974
            ],
            [
              110.175325,
              -7.718024
            ],
            [
              110.175245,
              -7.71806
            ],
            [
              110.175048,
              -7.717827
            ],
            [
              110.174006,
              -7.717305
            ],
            [
              110.173171,
              -7.716548
            ],
            [
              110.173183,
              -7.715616
            ],
            [
              110.172952,
              -7.715466
            ],
            [
              110.172787,
              -7.714978
            ],
            [
              110.172399,
              -7.714665
            ],
            [
              110.172158,
              -7.714451
            ],
            [
              110.171765,
              -7.714357
            ],
            [
              110.171426,
              -7.714319
            ],
            [
              110.171283,
              -7.714316
            ],
            [
              110.170933,
              -7.71431
            ],
            [
              110.170451,
              -7.714348
            ],
            [
              110.170255,
              -7.714364
            ],
            [
              110.169829,
              -7.714432
            ],
            [
              110.169417,
              -7.714546
            ],
            [
              110.168945,
              -7.714783
            ],
            [
              110.168499,
              -7.715342
            ],
            [
              110.167718,
              -7.716109
            ],
            [
              110.166889,
              -7.71696
            ],
            [
              110.166566,
              -7.71732
            ],
            [
              110.166115,
              -7.717757
            ],
            [
              110.165699,
              -7.718113
            ],
            [
              110.165207,
              -7.71846
            ],
            [
              110.164763,
              -7.71869
            ],
            [
              110.164187,
              -7.718929
            ],
            [
              110.163748,
              -7.7191
            ],
            [
              110.163155,
              -7.719257
            ],
            [
              110.162478,
              -7.719343
            ],
            [
              110.161624,
              -7.719371
            ],
            [
              110.15991,
              -7.71927
            ],
            [
              110.159192,
              -7.719189
            ],
            [
              110.158405,
              -7.71904
            ],
            [
              110.157667,
              -7.718872
            ],
            [
              110.157076,
              -7.718687
            ],
            [
              110.156615,
              -7.718448
            ],
            [
              110.156199,
              -7.718183
            ],
            [
              110.155839,
              -7.717848
            ],
            [
              110.15555,
              -7.717556
            ],
            [
              110.155279,
              -7.717357
            ],
            [
              110.154905,
              -7.71716
            ],
            [
              110.154805,
              -7.71713
            ],
            [
              110.154673,
              -7.71709
            ],
            [
              110.153832,
              -7.717128
            ],
            [
              110.153277,
              -7.717106
            ],
            [
              110.15288,
              -7.716979
            ],
            [
              110.15275,
              -7.7169
            ],
            [
              110.152642,
              -7.716714
            ],
            [
              110.15258,
              -7.716539
            ],
            [
              110.152643,
              -7.716292
            ],
            [
              110.152879,
              -7.715891
            ],
            [
              110.15296,
              -7.715635
            ],
            [
              110.153003,
              -7.715302
            ],
            [
              110.15298,
              -7.715165
            ],
            [
              110.152872,
              -7.714939
            ],
            [
              110.152797,
              -7.71484
            ],
            [
              110.152503,
              -7.714389
            ],
            [
              110.152461,
              -7.714362
            ],
            [
              110.152413,
              -7.714326
            ],
            [
              110.152255,
              -7.714293
            ],
            [
              110.152211,
              -7.714239
            ],
            [
              110.152196,
              -7.714142
            ],
            [
              110.152241,
              -7.713728
            ],
            [
              110.152242,
              -7.713623
            ],
            [
              110.152148,
              -7.713498
            ],
            [
              110.152067,
              -7.713409
            ],
            [
              110.152009,
              -7.71336
            ],
            [
              110.151902,
              -7.713288
            ],
            [
              110.151883,
              -7.71326
            ],
            [
              110.151823,
              -7.713024
            ],
            [
              110.151715,
              -7.712876
            ],
            [
              110.151617,
              -7.712818
            ],
            [
              110.15143,
              -7.712827
            ],
            [
              110.151287,
              -7.712899
            ],
            [
              110.151192,
              -7.712998
            ],
            [
              110.15107,
              -7.713111
            ],
            [
              110.150962,
              -7.713234
            ],
            [
              110.150892,
              -7.713372
            ],
            [
              110.150854,
              -7.713699
            ],
            [
              110.150809,
              -7.714037
            ],
            [
              110.150803,
              -7.714065
            ],
            [
              110.150708,
              -7.714375
            ],
            [
              110.150609,
              -7.714564
            ],
            [
              110.150547,
              -7.71464
            ],
            [
              110.150389,
              -7.714856
            ],
            [
              110.150216,
              -7.715036
            ],
            [
              110.150183,
              -7.715074
            ],
            [
              110.149998,
              -7.715323
            ],
            [
              110.149985,
              -7.715355
            ],
            [
              110.149941,
              -7.715485
            ],
            [
              110.149835,
              -7.715667
            ],
            [
              110.149791,
              -7.715757
            ],
            [
              110.149682,
              -7.715916
            ],
            [
              110.149592,
              -7.71604
            ],
            [
              110.149555,
              -7.716087
            ],
            [
              110.149433,
              -7.716191
            ],
            [
              110.149298,
              -7.716271
            ],
            [
              110.149183,
              -7.716324
            ],
            [
              110.149061,
              -7.716395
            ],
            [
              110.148974,
              -7.71645
            ],
            [
              110.148866,
              -7.716496
            ],
            [
              110.148774,
              -7.716521
            ],
            [
              110.148729,
              -7.71654
            ],
            [
              110.148631,
              -7.71657
            ],
            [
              110.148523,
              -7.716633
            ],
            [
              110.14844,
              -7.716688
            ],
            [
              110.148378,
              -7.716723
            ],
            [
              110.148289,
              -7.71677
            ],
            [
              110.148251,
              -7.716792
            ],
            [
              110.148187,
              -7.71681
            ],
            [
              110.147643,
              -7.716753
            ],
            [
              110.146678,
              -7.716534
            ],
            [
              110.146394,
              -7.716495
            ],
            [
              110.145909,
              -7.716417
            ],
            [
              110.145864,
              -7.716304
            ],
            [
              110.145813,
              -7.716243
            ],
            [
              110.145715,
              -7.716258
            ],
            [
              110.145609,
              -7.716325
            ],
            [
              110.14548,
              -7.716359
            ],
            [
              110.145286,
              -7.716333
            ],
            [
              110.145225,
              -7.716323
            ],
            [
              110.145075,
              -7.716297
            ],
            [
              110.144899,
              -7.7163
            ],
            [
              110.14487,
              -7.716299
            ],
            [
              110.144867,
              -7.716299
            ],
            [
              110.144758,
              -7.716296
            ],
            [
              110.14464,
              -7.716221
            ],
            [
              110.14455,
              -7.716188
            ],
            [
              110.144447,
              -7.716216
            ],
            [
              110.143892,
              -7.716436
            ],
            [
              110.143853,
              -7.716437
            ],
            [
              110.143519,
              -7.71641
            ],
            [
              110.143036,
              -7.716288
            ],
            [
              110.142956,
              -7.716238
            ],
            [
              110.142857,
              -7.716237
            ],
            [
              110.142702,
              -7.716281
            ],
            [
              110.14254,
              -7.716319
            ],
            [
              110.142414,
              -7.71628
            ],
            [
              110.142221,
              -7.716255
            ],
            [
              110.141989,
              -7.716233
            ],
            [
              110.141895,
              -7.716219
            ],
            [
              110.141781,
              -7.716202
            ],
            [
              110.141483,
              -7.716147
            ],
            [
              110.14131,
              -7.716143
            ],
            [
              110.141123,
              -7.716283
            ],
            [
              110.141033,
              -7.716302
            ],
            [
              110.140845,
              -7.716337
            ],
            [
              110.140611,
              -7.716298
            ],
            [
              110.140495,
              -7.716335
            ],
            [
              110.140341,
              -7.716438
            ],
            [
              110.14024,
              -7.716407
            ],
            [
              110.13997,
              -7.716186
            ],
            [
              110.139752,
              -7.715944
            ],
            [
              110.139772,
              -7.715907
            ],
            [
              110.13984,
              -7.715792
            ],
            [
              110.139849,
              -7.715708
            ],
            [
              110.139789,
              -7.715633
            ],
            [
              110.139607,
              -7.715426
            ],
            [
              110.139508,
              -7.715241
            ],
            [
              110.139429,
              -7.714981
            ],
            [
              110.139429,
              -7.714814
            ],
            [
              110.139454,
              -7.714684
            ],
            [
              110.139618,
              -7.714302
            ],
            [
              110.139628,
              -7.714102
            ],
            [
              110.139654,
              -7.713923
            ],
            [
              110.139698,
              -7.713746
            ],
            [
              110.139737,
              -7.713629
            ],
            [
              110.139822,
              -7.713492
            ],
            [
              110.139933,
              -7.713355
            ],
            [
              110.139974,
              -7.713189
            ],
            [
              110.139955,
              -7.712887
            ],
            [
              110.139815,
              -7.712823
            ],
            [
              110.13978,
              -7.712807
            ],
            [
              110.139585,
              -7.712865
            ],
            [
              110.139463,
              -7.712909
            ],
            [
              110.139455,
              -7.712911
            ],
            [
              110.139194,
              -7.712835
            ],
            [
              110.139074,
              -7.712782
            ],
            [
              110.13892,
              -7.712592
            ],
            [
              110.138792,
              -7.712489
            ],
            [
              110.138735,
              -7.712421
            ],
            [
              110.138689,
              -7.712405
            ],
            [
              110.138641,
              -7.712408
            ],
            [
              110.13853,
              -7.712414
            ],
            [
              110.138355,
              -7.712426
            ],
            [
              110.138207,
              -7.712495
            ],
            [
              110.138083,
              -7.712543
            ],
            [
              110.138018,
              -7.712566
            ],
            [
              110.137917,
              -7.712611
            ],
            [
              110.137799,
              -7.712664
            ],
            [
              110.137743,
              -7.712684
            ],
            [
              110.137647,
              -7.712699
            ],
            [
              110.137537,
              -7.712716
            ],
            [
              110.137246,
              -7.712706
            ],
            [
              110.136949,
              -7.712618
            ],
            [
              110.136645,
              -7.712473
            ],
            [
              110.136405,
              -7.712297
            ],
            [
              110.136205,
              -7.712169
            ]
          ]
        ]
      }
    },
    {
      "type": "Feature",
      "properties": {
        "OBJECTID": 3,
        "LEFT_FID": -1,
        "RIGHT_FID": 12,
        "Shape_Leng": 0.29326481952
      },
      "geometry": {
        "type": "MultiLineString",
        "coordinates": [
          [
            [
              110.197619,
              -7.737901
            ],
            [
              110.197619,
              -7.737902
            ],
            [
              110.19757,
              -7.738064
            ],
            [
              110.19757,
              -7.738064
            ],
            [
              110.197558,
              -7.73812
            ],
            [
              110.197555,
              -7.738146
            ],
            [
              110.19755,
              -7.738193
            ],
            [
              110.197543,
              -7.738257
            ],
            [
              110.197543,
              -7.738258
            ],
            [
              110.197532,
              -7.738297
            ],
            [
              110.197527,
              -7.738314
            ],
            [
              110.197511,
              -7.73835
            ],
            [
              110.197497,
              -7.738382
            ],
            [
              110.197491,
              -7.738395
            ],
            [
              110.197491,
              -7.738396
            ],
            [
              110.197491,
              -7.738396
            ],
            [
              110.197484,
              -7.738443
            ],
            [
              110.197467,
              -7.738522
            ],
            [
              110.197457,
              -7.738573
            ],
            [
              110.197455,
              -7.738582
            ],
            [
              110.197455,
              -7.738585
            ],
            [
              110.197454,
              -7.738592
            ],
            [
              110.197448,
              -7.73867
            ],
            [
              110.197442,
              -7.738744
            ],
            [
              110.19744,
              -7.738767
            ],
            [
              110.19744,
              -7.738767
            ],
            [
              110.197481,
              -7.738867
            ],
            [
              110.197623,
              -7.739059
            ],
            [
              110.197674,
              -7.739128
            ],
            [
              110.197689,
              -7.73915
            ],
            [
              110.197796,
              -7.739306
            ],
            [
              110.198147,
              -7.739818
            ],
            [
              110.198213,
              -7.739952
            ],
            [
              110.198315,
              -7.740159
            ],
            [
              110.198315,
              -7.74016
            ],
            [
              110.198303,
              -7.740349
            ],
            [
              110.198183,
              -7.740644
            ],
            [
              110.198083,
              -7.740799
            ],
            [
              110.197992,
              -7.740901
            ],
            [
              110.197986,
              -7.740945
            ],
            [
              110.197988,
              -7.741053
            ],
            [
              110.197988,
              -7.741067
            ],
            [
              110.197988,
              -7.741067
            ],
            [
              110.198043,
              -7.741217
            ],
            [
              110.198045,
              -7.741222
            ],
            [
              110.198119,
              -7.741361
            ],
            [
              110.1982,
              -7.741531
            ],
            [
              110.198498,
              -7.741606
            ],
            [
              110.198552,
              -7.741613
            ],
            [
              110.198845,
              -7.741652
            ],
            [
              110.198901,
              -7.741659
            ],
            [
              110.199275,
              -7.741673
            ],
            [
              110.199285,
              -7.741692
            ],
            [
              110.199312,
              -7.741953
            ],
            [
              110.199323,
              -7.742333
            ],
            [
              110.199313,
              -7.742376
            ],
            [
              110.199298,
              -7.742438
            ],
            [
              110.19928,
              -7.742511
            ],
            [
              110.199112,
              -7.743178
            ],
            [
              110.199113,
              -7.74318
            ],
            [
              110.199019,
              -7.743376
            ],
            [
              110.198925,
              -7.743577
            ],
            [
              110.19873,
              -7.743992
            ],
            [
              110.198659,
              -7.744143
            ],
            [
              110.198472,
              -7.744634
            ],
            [
              110.198058,
              -7.745542
            ],
            [
              110.19749,
              -7.746841
            ],
            [
              110.197423,
              -7.746963
            ],
            [
              110.197389,
              -7.747038
            ],
            [
              110.197352,
              -7.747118
            ],
            [
              110.197305,
              -7.747221
            ],
            [
              110.197298,
              -7.747234
            ],
            [
              110.197215,
              -7.747868
            ],
            [
              110.1972,
              -7.747986
            ],
            [
              110.197168,
              -7.748233
            ],
            [
              110.197148,
              -7.748383
            ],
            [
              110.197143,
              -7.748423
            ],
            [
              110.197132,
              -7.748546
            ],
            [
              110.197019,
              -7.749845
            ],
            [
              110.196991,
              -7.749999
            ],
            [
              110.196991,
              -7.75
            ],
            [
              110.19699,
              -7.750004
            ],
            [
              110.196968,
              -7.750184
            ],
            [
              110.196962,
              -7.750238
            ],
            [
              110.196958,
              -7.750271
            ],
            [
              110.196923,
              -7.750619
            ],
            [
              110.196916,
              -7.750645
            ],
            [
              110.196942,
              -7.750647
            ],
            [
              110.197107,
              -7.750676
            ],
            [
              110.197293,
              -7.750704
            ],
            [
              110.197387,
              -7.750716
            ],
            [
              110.197582,
              -7.750742
            ],
            [
              110.197816,
              -7.750772
            ],
            [
              110.198217,
              -7.75085
            ],
            [
              110.198742,
              -7.750945
            ],
            [
              110.198963,
              -7.750977
            ],
            [
              110.199234,
              -7.751021
            ],
            [
              110.20021,
              -7.751173
            ],
            [
              110.200374,
              -7.751199
            ],
            [
              110.200357,
              -7.751298
            ],
            [
              110.200356,
              -7.751306
            ],
            [
              110.200335,
              -7.751423
            ],
            [
              110.200293,
              -7.75164
            ],
            [
              110.200225,
              -7.752088
            ],
            [
              110.200173,
              -7.75243
            ],
            [
              110.200163,
              -7.752506
            ],
            [
              110.200147,
              -7.752635
            ],
            [
              110.200111,
              -7.752924
            ],
            [
              110.200092,
              -7.753071
            ],
            [
              110.200066,
              -7.753305
            ],
            [
              110.199999,
              -7.753611
            ],
            [
              110.199994,
              -7.75363
            ],
            [
              110.199993,
              -7.753633
            ],
            [
              110.199992,
              -7.753638
            ],
            [
              110.19999,
              -7.753661
            ],
            [
              110.199955,
              -7.753852
            ],
            [
              110.199954,
              -7.753858
            ],
            [
              110.199938,
              -7.753983
            ],
            [
              110.199826,
              -7.754766
            ],
            [
              110.199743,
              -7.755377
            ],
            [
              110.199727,
              -7.755491
            ],
            [
              110.199719,
              -7.755534
            ],
            [
              110.199633,
              -7.755999
            ],
            [
              110.199593,
              -7.756213
            ],
            [
              110.199563,
              -7.756493
            ],
            [
              110.199562,
              -7.756532
            ],
            [
              110.199558,
              -7.756563
            ],
            [
              110.199547,
              -7.756662
            ],
            [
              110.199542,
              -7.756703
            ],
            [
              110.19953,
              -7.75681
            ],
            [
              110.199487,
              -7.757011
            ],
            [
              110.199478,
              -7.757051
            ],
            [
              110.199472,
              -7.757079
            ],
            [
              110.199445,
              -7.7572
            ],
            [
              110.199414,
              -7.757233
            ],
            [
              110.199415,
              -7.757234
            ],
            [
              110.199441,
              -7.757269
            ],
            [
              110.199467,
              -7.757341
            ],
            [
              110.199544,
              -7.757657
            ],
            [
              110.199548,
              -7.757673
            ],
            [
              110.199585,
              -7.757755
            ],
            [
              110.199585,
              -7.757756
            ],
            [
              110.199591,
              -7.757856
            ],
            [
              110.199596,
              -7.757883
            ],
            [
              110.199629,
              -7.758044
            ],
            [
              110.199632,
              -7.758059
            ],
            [
              110.199651,
              -7.758122
            ],
            [
              110.199688,
              -7.758247
            ],
            [
              110.199693,
              -7.758264
            ],
            [
              110.199707,
              -7.758348
            ],
            [
              110.199741,
              -7.758558
            ],
            [
              110.199741,
              -7.758558
            ],
            [
              110.199753,
              -7.758633
            ],
            [
              110.19976,
              -7.758699
            ],
            [
              110.199768,
              -7.758792
            ],
            [
              110.199776,
              -7.758884
            ],
            [
              110.199784,
              -7.758953
            ],
            [
              110.199816,
              -7.759222
            ],
            [
              110.199846,
              -7.759457
            ],
            [
              110.199862,
              -7.759582
            ],
            [
              110.199881,
              -7.759734
            ],
            [
              110.199898,
              -7.759952
            ],
            [
              110.199912,
              -7.760082
            ],
            [
              110.199939,
              -7.760327
            ],
            [
              110.199953,
              -7.760454
            ],
            [
              110.199969,
              -7.760569
            ],
            [
              110.200076,
              -7.761342
            ],
            [
              110.199824,
              -7.762184
            ],
            [
              110.199783,
              -7.762319
            ],
            [
              110.199704,
              -7.762575
            ],
            [
              110.199678,
              -7.762663
            ],
            [
              110.199611,
              -7.762881
            ],
            [
              110.199544,
              -7.763149
            ],
            [
              110.199516,
              -7.763229
            ],
            [
              110.199515,
              -7.763234
            ],
            [
              110.199436,
              -7.763464
            ],
            [
              110.199433,
              -7.763473
            ],
            [
              110.199408,
              -7.763547
            ],
            [
              110.199368,
              -7.763734
            ],
            [
              110.199104,
              -7.764328
            ],
            [
              110.199091,
              -7.764392
            ],
            [
              110.199086,
              -7.764418
            ],
            [
              110.199085,
              -7.764554
            ],
            [
              110.199065,
              -7.764658
            ],
            [
              110.198998,
              -7.765007
            ],
            [
              110.198853,
              -7.765267
            ],
            [
              110.198641,
              -7.765416
            ],
            [
              110.198465,
              -7.765533
            ],
            [
              110.198368,
              -7.765597
            ],
            [
              110.198179,
              -7.765722
            ],
            [
              110.197922,
              -7.765839
            ],
            [
              110.197904,
              -7.765846
            ],
            [
              110.197795,
              -7.765896
            ],
            [
              110.197783,
              -7.765897
            ],
            [
              110.197528,
              -7.765982
            ],
            [
              110.197276,
              -7.766086
            ],
            [
              110.197265,
              -7.766086
            ],
            [
              110.197095,
              -7.76609
            ],
            [
              110.196811,
              -7.766023
            ],
            [
              110.196795,
              -7.766019
            ],
            [
              110.196587,
              -7.765967
            ],
            [
              110.19645,
              -7.765938
            ],
            [
              110.19626,
              -7.765904
            ],
            [
              110.196258,
              -7.765904
            ],
            [
              110.19609,
              -7.765952
            ],
            [
              110.195876,
              -7.766058
            ],
            [
              110.195728,
              -7.766132
            ],
            [
              110.195524,
              -7.766233
            ],
            [
              110.195485,
              -7.766252
            ],
            [
              110.195065,
              -7.766407
            ],
            [
              110.194992,
              -7.766444
            ],
            [
              110.194893,
              -7.766495
            ],
            [
              110.194827,
              -7.766529
            ],
            [
              110.194782,
              -7.766552
            ],
            [
              110.19477,
              -7.766557
            ],
            [
              110.194653,
              -7.766603
            ],
            [
              110.19462,
              -7.766617
            ],
            [
              110.194606,
              -7.766622
            ],
            [
              110.194418,
              -7.766678
            ],
            [
              110.194027,
              -7.766796
            ],
            [
              110.193223,
              -7.767037
            ],
            [
              110.192565,
              -7.767365
            ],
            [
              110.192335,
              -7.76748
            ],
            [
              110.192194,
              -7.767667
            ],
            [
              110.191954,
              -7.767985
            ],
            [
              110.19188,
              -7.76832
            ],
            [
              110.191858,
              -7.768416
            ],
            [
              110.191805,
              -7.768655
            ],
            [
              110.191767,
              -7.768827
            ],
            [
              110.191656,
              -7.769324
            ],
            [
              110.191662,
              -7.769526
            ],
            [
              110.191672,
              -7.769848
            ],
            [
              110.191679,
              -7.770059
            ],
            [
              110.191679,
              -7.77006
            ],
            [
              110.191683,
              -7.770165
            ],
            [
              110.191721,
              -7.770269
            ],
            [
              110.191746,
              -7.770338
            ],
            [
              110.191853,
              -7.770414
            ],
            [
              110.191957,
              -7.770457
            ],
            [
              110.192067,
              -7.770514
            ],
            [
              110.192102,
              -7.770551
            ],
            [
              110.192105,
              -7.770555
            ],
            [
              110.192105,
              -7.770555
            ],
            [
              110.192273,
              -7.770739
            ],
            [
              110.192307,
              -7.770776
            ],
            [
              110.192337,
              -7.770834
            ],
            [
              110.192441,
              -7.771034
            ],
            [
              110.19249,
              -7.771169
            ],
            [
              110.19252,
              -7.771229
            ],
            [
              110.192524,
              -7.771236
            ],
            [
              110.192714,
              -7.771353
            ],
            [
              110.19275,
              -7.771448
            ],
            [
              110.192754,
              -7.771457
            ],
            [
              110.192807,
              -7.771631
            ],
            [
              110.192877,
              -7.771762
            ],
            [
              110.192888,
              -7.771783
            ],
            [
              110.192922,
              -7.771846
            ],
            [
              110.192999,
              -7.771988
            ],
            [
              110.193053,
              -7.772088
            ],
            [
              110.193168,
              -7.772191
            ],
            [
              110.193177,
              -7.772214
            ],
            [
              110.193177,
              -7.772214
            ],
            [
              110.193165,
              -7.772245
            ],
            [
              110.193084,
              -7.772447
            ],
            [
              110.193078,
              -7.77276
            ],
            [
              110.193078,
              -7.77276
            ],
            [
              110.193078,
              -7.772761
            ],
            [
              110.193127,
              -7.77296
            ],
            [
              110.193135,
              -7.773011
            ],
            [
              110.193138,
              -7.773025
            ],
            [
              110.19314,
              -7.773039
            ],
            [
              110.193099,
              -7.773162
            ],
            [
              110.193075,
              -7.773225
            ],
            [
              110.19304,
              -7.773315
            ],
            [
              110.193018,
              -7.773363
            ],
            [
              110.192941,
              -7.773427
            ],
            [
              110.192884,
              -7.773468
            ],
            [
              110.192842,
              -7.773498
            ],
            [
              110.1927,
              -7.773601
            ],
            [
              110.192632,
              -7.773651
            ],
            [
              110.192562,
              -7.773728
            ],
            [
              110.192413,
              -7.773891
            ],
            [
              110.19241,
              -7.773891
            ],
            [
              110.191902,
              -7.77386
            ],
            [
              110.191803,
              -7.773867
            ],
            [
              110.191709,
              -7.773939
            ],
            [
              110.191605,
              -7.773993
            ],
            [
              110.191524,
              -7.773939
            ],
            [
              110.191518,
              -7.773934
            ],
            [
              110.191446,
              -7.773869
            ],
            [
              110.191377,
              -7.773808
            ],
            [
              110.191334,
              -7.773806
            ],
            [
              110.191253,
              -7.773803
            ],
            [
              110.1912,
              -7.773801
            ],
            [
              110.191197,
              -7.773803
            ],
            [
              110.191158,
              -7.77383
            ],
            [
              110.191138,
              -7.773843
            ],
            [
              110.191113,
              -7.77386
            ],
            [
              110.191007,
              -7.773986
            ],
            [
              110.190996,
              -7.774
            ],
            [
              110.190959,
              -7.774044
            ],
            [
              110.190945,
              -7.774155
            ],
            [
              110.190946,
              -7.774208
            ],
            [
              110.190948,
              -7.774396
            ],
            [
              110.190949,
              -7.774503
            ],
            [
              110.19081,
              -7.774534
            ],
            [
              110.190635,
              -7.77456
            ],
            [
              110.190588,
              -7.774567
            ],
            [
              110.190482,
              -7.774583
            ],
            [
              110.190411,
              -7.774675
            ],
            [
              110.190283,
              -7.774866
            ],
            [
              110.190255,
              -7.774908
            ],
            [
              110.190146,
              -7.775071
            ],
            [
              110.190055,
              -7.775185
            ],
            [
              110.189898,
              -7.77538
            ],
            [
              110.189821,
              -7.775557
            ],
            [
              110.189803,
              -7.7756
            ],
            [
              110.189713,
              -7.775735
            ],
            [
              110.189623,
              -7.775835
            ],
            [
              110.189583,
              -7.77588
            ],
            [
              110.189561,
              -7.775902
            ],
            [
              110.18956,
              -7.775903
            ],
            [
              110.189502,
              -7.775962
            ],
            [
              110.189464,
              -7.776093
            ],
            [
              110.189462,
              -7.776135
            ],
            [
              110.189457,
              -7.776221
            ],
            [
              110.189447,
              -7.776427
            ],
            [
              110.189447,
              -7.776428
            ],
            [
              110.189463,
              -7.776625
            ],
            [
              110.189475,
              -7.776784
            ],
            [
              110.189474,
              -7.776944
            ],
            [
              110.189379,
              -7.776996
            ],
            [
              110.188965,
              -7.777211
            ],
            [
              110.188904,
              -7.7773
            ],
            [
              110.188852,
              -7.777375
            ],
            [
              110.188757,
              -7.777592
            ],
            [
              110.188684,
              -7.777734
            ],
            [
              110.188657,
              -7.777753
            ],
            [
              110.188582,
              -7.777806
            ],
            [
              110.188455,
              -7.777938
            ],
            [
              110.188456,
              -7.778014
            ],
            [
              110.188456,
              -7.778014
            ],
            [
              110.188514,
              -7.778107
            ],
            [
              110.188544,
              -7.778155
            ],
            [
              110.188572,
              -7.778269
            ],
            [
              110.188572,
              -7.778269
            ],
            [
              110.188556,
              -7.778418
            ],
            [
              110.188539,
              -7.778572
            ],
            [
              110.188464,
              -7.778621
            ],
            [
              110.188458,
              -7.778625
            ],
            [
              110.188336,
              -7.778723
            ],
            [
              110.188289,
              -7.778837
            ],
            [
              110.188307,
              -7.778954
            ],
            [
              110.18836,
              -7.779022
            ],
            [
              110.188452,
              -7.779115
            ],
            [
              110.188459,
              -7.77914
            ],
            [
              110.188481,
              -7.779212
            ],
            [
              110.18848,
              -7.779236
            ],
            [
              110.188479,
              -7.779252
            ],
            [
              110.188471,
              -7.779393
            ],
            [
              110.188468,
              -7.779456
            ],
            [
              110.18837,
              -7.779555
            ],
            [
              110.188298,
              -7.779643
            ],
            [
              110.188246,
              -7.779707
            ],
            [
              110.188159,
              -7.779789
            ],
            [
              110.187919,
              -7.779936
            ],
            [
              110.187885,
              -7.780025
            ],
            [
              110.18783,
              -7.780481
            ],
            [
              110.187803,
              -7.780578
            ],
            [
              110.187758,
              -7.780953
            ],
            [
              110.187799,
              -7.78111
            ],
            [
              110.18784,
              -7.781172
            ],
            [
              110.187858,
              -7.781199
            ],
            [
              110.187945,
              -7.781333
            ],
            [
              110.187987,
              -7.781396
            ],
            [
              110.18824,
              -7.781709
            ],
            [
              110.188241,
              -7.78171
            ],
            [
              110.188305,
              -7.781789
            ],
            [
              110.188374,
              -7.781876
            ],
            [
              110.188384,
              -7.781943
            ],
            [
              110.188384,
              -7.781943
            ],
            [
              110.188369,
              -7.782111
            ],
            [
              110.18831,
              -7.782216
            ],
            [
              110.188295,
              -7.782279
            ],
            [
              110.188284,
              -7.782324
            ],
            [
              110.188284,
              -7.782325
            ],
            [
              110.188294,
              -7.782393
            ],
            [
              110.188314,
              -7.782427
            ],
            [
              110.188438,
              -7.782535
            ],
            [
              110.18851,
              -7.782562
            ],
            [
              110.188853,
              -7.782688
            ],
            [
              110.188917,
              -7.782711
            ],
            [
              110.188994,
              -7.782839
            ],
            [
              110.188988,
              -7.782937
            ],
            [
              110.188981,
              -7.783041
            ],
            [
              110.188971,
              -7.783118
            ],
            [
              110.188962,
              -7.78319
            ],
            [
              110.188994,
              -7.783231
            ],
            [
              110.188999,
              -7.783238
            ],
            [
              110.189107,
              -7.783303
            ],
            [
              110.189163,
              -7.783336
            ],
            [
              110.189173,
              -7.783342
            ],
            [
              110.189295,
              -7.783473
            ],
            [
              110.189295,
              -7.783474
            ],
            [
              110.189298,
              -7.783481
            ],
            [
              110.189298,
              -7.783481
            ],
            [
              110.189262,
              -7.783509
            ],
            [
              110.189245,
              -7.783596
            ],
            [
              110.189225,
              -7.783684
            ],
            [
              110.189196,
              -7.78381
            ],
            [
              110.189148,
              -7.783889
            ],
            [
              110.189119,
              -7.783938
            ],
            [
              110.188932,
              -7.78414
            ],
            [
              110.188893,
              -7.784183
            ],
            [
              110.188732,
              -7.784399
            ],
            [
              110.18866,
              -7.784388
            ],
            [
              110.188434,
              -7.784323
            ],
            [
              110.188366,
              -7.784348
            ],
            [
              110.188331,
              -7.784361
            ],
            [
              110.188309,
              -7.784389
            ],
            [
              110.18826,
              -7.784452
            ],
            [
              110.188241,
              -7.784475
            ],
            [
              110.188144,
              -7.784704
            ],
            [
              110.188089,
              -7.784831
            ],
            [
              110.188037,
              -7.784954
            ],
            [
              110.188025,
              -7.784981
            ],
            [
              110.188002,
              -7.785036
            ],
            [
              110.187961,
              -7.785127
            ],
            [
              110.187959,
              -7.785131
            ],
            [
              110.187949,
              -7.785154
            ],
            [
              110.187946,
              -7.785264
            ],
            [
              110.188004,
              -7.785408
            ],
            [
              110.188008,
              -7.785418
            ],
            [
              110.188094,
              -7.785637
            ],
            [
              110.18807,
              -7.785732
            ],
            [
              110.187985,
              -7.785781
            ],
            [
              110.187835,
              -7.78581
            ],
            [
              110.187542,
              -7.785812
            ],
            [
              110.187542,
              -7.785812
            ],
            [
              110.187374,
              -7.785776
            ],
            [
              110.187282,
              -7.785773
            ],
            [
              110.187232,
              -7.78576
            ],
            [
              110.187189,
              -7.78575
            ],
            [
              110.186889,
              -7.785675
            ],
            [
              110.186735,
              -7.785636
            ],
            [
              110.18615,
              -7.785459
            ],
            [
              110.18611,
              -7.785445
            ],
            [
              110.185596,
              -7.785264
            ],
            [
              110.185065,
              -7.785066
            ],
            [
              110.184885,
              -7.784999
            ],
            [
              110.184756,
              -7.784951
            ],
            [
              110.18435,
              -7.784792
            ],
            [
              110.184218,
              -7.784755
            ],
            [
              110.184061,
              -7.78471
            ],
            [
              110.183878,
              -7.784658
            ],
            [
              110.183538,
              -7.784554
            ],
            [
              110.183193,
              -7.784448
            ],
            [
              110.183155,
              -7.784437
            ],
            [
              110.183153,
              -7.784436
            ],
            [
              110.183152,
              -7.784436
            ],
            [
              110.183071,
              -7.784426
            ],
            [
              110.182851,
              -7.784378
            ],
            [
              110.182743,
              -7.784355
            ],
            [
              110.18267,
              -7.784339
            ],
            [
              110.182574,
              -7.784318
            ],
            [
              110.182213,
              -7.784408
            ],
            [
              110.182207,
              -7.78441
            ],
            [
              110.181792,
              -7.784495
            ],
            [
              110.181481,
              -7.784519
            ],
            [
              110.181395,
              -7.784525
            ],
            [
              110.181166,
              -7.784535
            ],
            [
              110.180997,
              -7.784594
            ],
            [
              110.180981,
              -7.7846
            ],
            [
              110.180961,
              -7.784614
            ],
            [
              110.180697,
              -7.784795
            ],
            [
              110.180461,
              -7.785033
            ],
            [
              110.180209,
              -7.785306
            ],
            [
              110.180069,
              -7.785523
            ],
            [
              110.179924,
              -7.785739
            ],
            [
              110.179887,
              -7.785795
            ],
            [
              110.179729,
              -7.78586
            ],
            [
              110.179716,
              -7.785839
            ],
            [
              110.179704,
              -7.785837
            ],
            [
              110.179657,
              -7.785828
            ],
            [
              110.179657,
              -7.785828
            ],
            [
              110.179586,
              -7.78578
            ],
            [
              110.179546,
              -7.785727
            ],
            [
              110.179533,
              -7.785707
            ],
            [
              110.179517,
              -7.785682
            ],
            [
              110.179515,
              -7.78568
            ],
            [
              110.179459,
              -7.785603
            ],
            [
              110.179408,
              -7.785505
            ],
            [
              110.179303,
              -7.785326
            ],
            [
              110.179289,
              -7.785301
            ],
            [
              110.179164,
              -7.785169
            ],
            [
              110.179072,
              -7.785119
            ],
            [
              110.179043,
              -7.785115
            ],
            [
              110.178842,
              -7.785086
            ],
            [
              110.178719,
              -7.785068
            ],
            [
              110.178517,
              -7.785039
            ],
            [
              110.17844,
              -7.785036
            ],
            [
              110.178276,
              -7.78503
            ],
            [
              110.17784,
              -7.785013
            ],
            [
              110.177706,
              -7.78501
            ],
            [
              110.177672,
              -7.785002
            ],
            [
              110.17761,
              -7.784989
            ],
            [
              110.177464,
              -7.784974
            ],
            [
              110.177067,
              -7.784943
            ],
            [
              110.176961,
              -7.784931
            ],
            [
              110.176836,
              -7.784916
            ],
            [
              110.176808,
              -7.784911
            ],
            [
              110.176672,
              -7.78489
            ],
            [
              110.176639,
              -7.784884
            ],
            [
              110.176429,
              -7.784851
            ],
            [
              110.176333,
              -7.784835
            ],
            [
              110.17617,
              -7.784807
            ],
            [
              110.176139,
              -7.784802
            ],
            [
              110.176063,
              -7.784789
            ],
            [
              110.176001,
              -7.784828
            ],
            [
              110.176001,
              -7.784829
            ],
            [
              110.175989,
              -7.784921
            ],
            [
              110.175945,
              -7.785278
            ],
            [
              110.175945,
              -7.78528
            ],
            [
              110.175935,
              -7.785357
            ],
            [
              110.175911,
              -7.785555
            ],
            [
              110.175934,
              -7.786271
            ],
            [
              110.175936,
              -7.78632
            ],
            [
              110.175938,
              -7.786378
            ],
            [
              110.175937,
              -7.786476
            ],
            [
              110.175931,
              -7.787079
            ],
            [
              110.175896,
              -7.787302
            ],
            [
              110.17587,
              -7.787454
            ],
            [
              110.175852,
              -7.787555
            ],
            [
              110.17578,
              -7.787904
            ],
            [
              110.175771,
              -7.78794
            ],
            [
              110.17567,
              -7.788327
            ],
            [
              110.17565,
              -7.788364
            ],
            [
              110.175607,
              -7.788444
            ],
            [
              110.175588,
              -7.788467
            ],
            [
              110.175572,
              -7.788476
            ],
            [
              110.175519,
              -7.788509
            ],
            [
              110.175368,
              -7.788561
            ],
            [
              110.175318,
              -7.788578
            ],
            [
              110.174979,
              -7.788608
            ],
            [
              110.174794,
              -7.7886
            ],
            [
              110.174779,
              -7.788595
            ],
            [
              110.174745,
              -7.788582
            ],
            [
              110.174606,
              -7.788532
            ],
            [
              110.174255,
              -7.788396
            ],
            [
              110.174135,
              -7.788376
            ],
            [
              110.174102,
              -7.78837
            ],
            [
              110.173909,
              -7.788345
            ],
            [
              110.173819,
              -7.788352
            ],
            [
              110.173792,
              -7.788354
            ],
            [
              110.173777,
              -7.788355
            ],
            [
              110.173777,
              -7.788355
            ],
            [
              110.17351,
              -7.788406
            ],
            [
              110.173412,
              -7.788425
            ],
            [
              110.173354,
              -7.788431
            ],
            [
              110.173273,
              -7.788439
            ],
            [
              110.173228,
              -7.788444
            ],
            [
              110.173122,
              -7.788454
            ],
            [
              110.17289,
              -7.788476
            ],
            [
              110.172771,
              -7.788486
            ],
            [
              110.172552,
              -7.788505
            ],
            [
              110.172552,
              -7.788505
            ],
            [
              110.172338,
              -7.788495
            ],
            [
              110.17233,
              -7.788494
            ],
            [
              110.172091,
              -7.788469
            ],
            [
              110.172084,
              -7.788468
            ],
            [
              110.171821,
              -7.788464
            ],
            [
              110.17174,
              -7.788466
            ],
            [
              110.171659,
              -7.788467
            ],
            [
              110.171514,
              -7.788456
            ],
            [
              110.171503,
              -7.788453
            ],
            [
              110.171397,
              -7.788422
            ],
            [
              110.171314,
              -7.788407
            ],
            [
              110.171308,
              -7.788407
            ],
            [
              110.171308,
              -7.788407
            ],
            [
              110.171016,
              -7.788395
            ],
            [
              110.170863,
              -7.788485
            ],
            [
              110.170797,
              -7.788523
            ],
            [
              110.170765,
              -7.788542
            ],
            [
              110.170705,
              -7.78852
            ],
            [
              110.170522,
              -7.788513
            ],
            [
              110.170409,
              -7.788522
            ],
            [
              110.170105,
              -7.788284
            ],
            [
              110.169968,
              -7.788163
            ],
            [
              110.169937,
              -7.788151
            ],
            [
              110.169606,
              -7.788028
            ],
            [
              110.169267,
              -7.787984
            ],
            [
              110.169033,
              -7.788004
            ],
            [
              110.168907,
              -7.788015
            ],
            [
              110.168637,
              -7.788057
            ],
            [
              110.168513,
              -7.788082
            ],
            [
              110.168446,
              -7.788096
            ],
            [
              110.168196,
              -7.78813
            ],
            [
              110.168142,
              -7.788141
            ],
            [
              110.168047,
              -7.788161
            ],
            [
              110.16786,
              -7.788199
            ],
            [
              110.167719,
              -7.788166
            ],
            [
              110.167557,
              -7.788064
            ],
            [
              110.167448,
              -7.787996
            ],
            [
              110.167352,
              -7.787934
            ],
            [
              110.167258,
              -7.787961
            ],
            [
              110.167211,
              -7.787974
            ],
            [
              110.167183,
              -7.787983
            ],
            [
              110.167094,
              -7.78801
            ],
            [
              110.166972,
              -7.787993
            ],
            [
              110.166921,
              -7.787964
            ],
            [
              110.166899,
              -7.787952
            ],
            [
              110.166857,
              -7.787928
            ],
            [
              110.166667,
              -7.78775
            ],
            [
              110.166551,
              -7.787511
            ],
            [
              110.16653,
              -7.787399
            ],
            [
              110.166488,
              -7.787181
            ],
            [
              110.166419,
              -7.786968
            ],
            [
              110.16641,
              -7.786941
            ],
            [
              110.16641,
              -7.78694
            ],
            [
              110.166337,
              -7.78684
            ],
            [
              110.166282,
              -7.786816
            ],
            [
              110.166111,
              -7.78674
            ],
            [
              110.166041,
              -7.786709
            ],
            [
              110.165968,
              -7.786678
            ],
            [
              110.165704,
              -7.786561
            ],
            [
              110.165663,
              -7.786543
            ],
            [
              110.165605,
              -7.786507
            ],
            [
              110.165494,
              -7.786439
            ],
            [
              110.165447,
              -7.78641
            ],
            [
              110.165399,
              -7.786361
            ],
            [
              110.165255,
              -7.786214
            ],
            [
              110.165084,
              -7.785989
            ],
            [
              110.165049,
              -7.785964
            ],
            [
              110.16497,
              -7.785906
            ],
            [
              110.164633,
              -7.785842
            ],
            [
              110.16463,
              -7.785842
            ],
            [
              110.164609,
              -7.785846
            ],
            [
              110.164576,
              -7.785852
            ],
            [
              110.164478,
              -7.78587
            ],
            [
              110.164402,
              -7.785884
            ],
            [
              110.164343,
              -7.785895
            ],
            [
              110.164255,
              -7.785911
            ],
            [
              110.164253,
              -7.785911
            ],
            [
              110.164226,
              -7.785916
            ],
            [
              110.163969,
              -7.785982
            ],
            [
              110.163956,
              -7.785985
            ],
            [
              110.163646,
              -7.786072
            ],
            [
              110.163543,
              -7.786075
            ],
            [
              110.163518,
              -7.786076
            ],
            [
              110.163296,
              -7.786083
            ],
            [
              110.163181,
              -7.786036
            ],
            [
              110.16318,
              -7.786036
            ],
            [
              110.162951,
              -7.785941
            ],
            [
              110.162747,
              -7.785857
            ],
            [
              110.162702,
              -7.785839
            ],
            [
              110.16269,
              -7.785833
            ],
            [
              110.162671,
              -7.785823
            ],
            [
              110.16261,
              -7.78579
            ],
            [
              110.162596,
              -7.785786
            ],
            [
              110.162478,
              -7.785754
            ],
            [
              110.16237,
              -7.785735
            ],
            [
              110.162295,
              -7.785722
            ],
            [
              110.162226,
              -7.78571
            ],
            [
              110.161953,
              -7.785542
            ],
            [
              110.161894,
              -7.785505
            ],
            [
              110.161802,
              -7.785407
            ],
            [
              110.161779,
              -7.785382
            ],
            [
              110.161738,
              -7.78528
            ],
            [
              110.161749,
              -7.785182
            ],
            [
              110.161754,
              -7.785135
            ],
            [
              110.161817,
              -7.784963
            ],
            [
              110.161921,
              -7.78488
            ],
            [
              110.161951,
              -7.784856
            ],
            [
              110.161962,
              -7.784847
            ],
            [
              110.16201,
              -7.784827
            ],
            [
              110.162222,
              -7.784742
            ],
            [
              110.162297,
              -7.784711
            ],
            [
              110.16231,
              -7.784706
            ],
            [
              110.162373,
              -7.784681
            ],
            [
              110.162494,
              -7.784631
            ],
            [
              110.162523,
              -7.78462
            ],
            [
              110.162557,
              -7.784606
            ],
            [
              110.162725,
              -7.784537
            ],
            [
              110.162821,
              -7.784493
            ],
            [
              110.162888,
              -7.784406
            ],
            [
              110.162893,
              -7.784342
            ],
            [
              110.162848,
              -7.784287
            ],
            [
              110.162819,
              -7.784252
            ],
            [
              110.162725,
              -7.784208
            ],
            [
              110.162636,
              -7.784166
            ],
            [
              110.162598,
              -7.784148
            ],
            [
              110.162465,
              -7.784073
            ],
            [
              110.162394,
              -7.784033
            ],
            [
              110.162391,
              -7.784031
            ],
            [
              110.162299,
              -7.783968
            ],
            [
              110.16228,
              -7.783955
            ],
            [
              110.16217,
              -7.78388
            ],
            [
              110.162085,
              -7.783822
            ],
            [
              110.161908,
              -7.78372
            ],
            [
              110.161793,
              -7.783692
            ],
            [
              110.161742,
              -7.783721
            ],
            [
              110.16168,
              -7.783868
            ],
            [
              110.161677,
              -7.783879
            ],
            [
              110.161653,
              -7.783954
            ],
            [
              110.161626,
              -7.784042
            ],
            [
              110.161583,
              -7.784094
            ],
            [
              110.161421,
              -7.784287
            ],
            [
              110.161411,
              -7.784299
            ],
            [
              110.161345,
              -7.784334
            ],
            [
              110.161188,
              -7.784318
            ],
            [
              110.161144,
              -7.784287
            ],
            [
              110.160984,
              -7.784173
            ],
            [
              110.16082,
              -7.784056
            ],
            [
              110.160794,
              -7.784037
            ],
            [
              110.160615,
              -7.78391
            ],
            [
              110.160477,
              -7.783805
            ],
            [
              110.160378,
              -7.783727
            ],
            [
              110.160271,
              -7.783641
            ],
            [
              110.160181,
              -7.783594
            ],
            [
              110.160044,
              -7.783522
            ],
            [
              110.159897,
              -7.783445
            ],
            [
              110.159512,
              -7.78326
            ],
            [
              110.15944,
              -7.783243
            ],
            [
              110.159384,
              -7.78323
            ],
            [
              110.15929,
              -7.783204
            ],
            [
              110.159271,
              -7.783199
            ],
            [
              110.159123,
              -7.783158
            ],
            [
              110.159119,
              -7.783157
            ],
            [
              110.159096,
              -7.783117
            ],
            [
              110.159047,
              -7.783032
            ],
            [
              110.159018,
              -7.782982
            ],
            [
              110.159017,
              -7.782981
            ],
            [
              110.159014,
              -7.782959
            ],
            [
              110.158996,
              -7.782802
            ],
            [
              110.158992,
              -7.78275
            ],
            [
              110.158989,
              -7.782706
            ],
            [
              110.158942,
              -7.782653
            ],
            [
              110.158893,
              -7.782598
            ],
            [
              110.158839,
              -7.782537
            ],
            [
              110.158827,
              -7.782522
            ],
            [
              110.158764,
              -7.782452
            ],
            [
              110.15876,
              -7.782447
            ],
            [
              110.158708,
              -7.782388
            ],
            [
              110.158597,
              -7.782249
            ],
            [
              110.158479,
              -7.782163
            ],
            [
              110.158455,
              -7.782145
            ],
            [
              110.158392,
              -7.782138
            ],
            [
              110.158189,
              -7.782116
            ],
            [
              110.15804,
              -7.782146
            ],
            [
              110.157963,
              -7.782161
            ],
            [
              110.157953,
              -7.782163
            ],
            [
              110.15788,
              -7.782177
            ],
            [
              110.157729,
              -7.7821
            ],
            [
              110.15763,
              -7.782024
            ],
            [
              110.157599,
              -7.781901
            ],
            [
              110.157601,
              -7.781891
            ],
            [
              110.157637,
              -7.781736
            ],
            [
              110.15764,
              -7.781722
            ],
            [
              110.157712,
              -7.781621
            ],
            [
              110.157767,
              -7.781545
            ],
            [
              110.157788,
              -7.781516
            ],
            [
              110.157839,
              -7.781444
            ],
            [
              110.157866,
              -7.781424
            ],
            [
              110.157908,
              -7.781395
            ],
            [
              110.157939,
              -7.781373
            ],
            [
              110.158013,
              -7.78132
            ],
            [
              110.158014,
              -7.781319
            ],
            [
              110.15806,
              -7.781286
            ],
            [
              110.158087,
              -7.781266
            ],
            [
              110.158088,
              -7.781266
            ],
            [
              110.15809,
              -7.781266
            ],
            [
              110.158179,
              -7.781127
            ],
            [
              110.158206,
              -7.78099
            ],
            [
              110.15809,
              -7.780765
            ],
            [
              110.158067,
              -7.780719
            ],
            [
              110.158028,
              -7.780644
            ],
            [
              110.15801,
              -7.780602
            ],
            [
              110.157954,
              -7.780473
            ],
            [
              110.157939,
              -7.780333
            ],
            [
              110.158033,
              -7.780208
            ],
            [
              110.158134,
              -7.780075
            ],
            [
              110.158172,
              -7.780039
            ],
            [
              110.158173,
              -7.780038
            ],
            [
              110.158198,
              -7.780029
            ],
            [
              110.158198,
              -7.780029
            ],
            [
              110.158261,
              -7.780009
            ],
            [
              110.158319,
              -7.77999
            ],
            [
              110.158428,
              -7.779877
            ],
            [
              110.158432,
              -7.779867
            ],
            [
              110.158504,
              -7.779658
            ],
            [
              110.15851,
              -7.779623
            ],
            [
              110.158542,
              -7.779438
            ],
            [
              110.158553,
              -7.779385
            ],
            [
              110.158558,
              -7.779358
            ],
            [
              110.158593,
              -7.779187
            ],
            [
              110.158615,
              -7.779075
            ],
            [
              110.158658,
              -7.778954
            ],
            [
              110.158669,
              -7.778948
            ],
            [
              110.158847,
              -7.77885
            ],
            [
              110.158853,
              -7.778847
            ],
            [
              110.158854,
              -7.778846
            ],
            [
              110.158856,
              -7.778844
            ],
            [
              110.158922,
              -7.7788
            ],
            [
              110.15893,
              -7.778795
            ],
            [
              110.15894,
              -7.77877
            ],
            [
              110.158998,
              -7.778629
            ],
            [
              110.159001,
              -7.77862
            ],
            [
              110.159086,
              -7.778412
            ],
            [
              110.159097,
              -7.778381
            ],
            [
              110.159099,
              -7.778337
            ],
            [
              110.159113,
              -7.778285
            ],
            [
              110.159152,
              -7.778137
            ],
            [
              110.159251,
              -7.777765
            ],
            [
              110.159324,
              -7.777601
            ],
            [
              110.159391,
              -7.777531
            ],
            [
              110.159393,
              -7.777529
            ],
            [
              110.159395,
              -7.777529
            ],
            [
              110.159452,
              -7.777517
            ],
            [
              110.159469,
              -7.777514
            ],
            [
              110.159527,
              -7.777545
            ],
            [
              110.159578,
              -7.777573
            ],
            [
              110.159602,
              -7.777592
            ],
            [
              110.159664,
              -7.777641
            ],
            [
              110.159677,
              -7.777642
            ],
            [
              110.159725,
              -7.777647
            ],
            [
              110.15973,
              -7.77764
            ],
            [
              110.159797,
              -7.777544
            ],
            [
              110.159832,
              -7.777403
            ],
            [
              110.159806,
              -7.777277
            ],
            [
              110.159798,
              -7.777236
            ],
            [
              110.159779,
              -7.77712
            ],
            [
              110.159767,
              -7.777045
            ],
            [
              110.159754,
              -7.77697
            ],
            [
              110.159749,
              -7.776936
            ],
            [
              110.159754,
              -7.776871
            ],
            [
              110.159756,
              -7.776848
            ],
            [
              110.159839,
              -7.776777
            ],
            [
              110.159992,
              -7.776647
            ],
            [
              110.160007,
              -7.776634
            ],
            [
              110.160025,
              -7.77661
            ],
            [
              110.160056,
              -7.776571
            ],
            [
              110.160131,
              -7.776472
            ],
            [
              110.160152,
              -7.776445
            ],
            [
              110.160206,
              -7.776374
            ],
            [
              110.160266,
              -7.776295
            ],
            [
              110.160282,
              -7.776275
            ],
            [
              110.160288,
              -7.776267
            ],
            [
              110.160303,
              -7.776212
            ],
            [
              110.160303,
              -7.77621
            ],
            [
              110.160321,
              -7.776145
            ],
            [
              110.160358,
              -7.776009
            ],
            [
              110.160413,
              -7.775806
            ],
            [
              110.160283,
              -7.775675
            ],
            [
              110.160208,
              -7.775599
            ],
            [
              110.160194,
              -7.775585
            ],
            [
              110.16008,
              -7.775457
            ],
            [
              110.160062,
              -7.775437
            ],
            [
              110.160013,
              -7.775319
            ],
            [
              110.159999,
              -7.775282
            ],
            [
              110.159865,
              -7.774943
            ],
            [
              110.159836,
              -7.774868
            ],
            [
              110.159834,
              -7.774863
            ],
            [
              110.159833,
              -7.774861
            ],
            [
              110.15977,
              -7.774752
            ],
            [
              110.159698,
              -7.774717
            ],
            [
              110.159497,
              -7.774621
            ],
            [
              110.159496,
              -7.77462
            ],
            [
              110.159404,
              -7.774573
            ],
            [
              110.159315,
              -7.774347
            ],
            [
              110.159288,
              -7.774131
            ],
            [
              110.159282,
              -7.774083
            ],
            [
              110.159283,
              -7.774069
            ],
            [
              110.159264,
              -7.774033
            ],
            [
              110.159231,
              -7.773925
            ],
            [
              110.159231,
              -7.773885
            ],
            [
              110.159231,
              -7.773865
            ],
            [
              110.159231,
              -7.773832
            ],
            [
              110.159186,
              -7.773808
            ],
            [
              110.15917,
              -7.7738
            ],
            [
              110.158949,
              -7.773804
            ],
            [
              110.158867,
              -7.773803
            ],
            [
              110.158823,
              -7.77375
            ],
            [
              110.158796,
              -7.773717
            ],
            [
              110.158786,
              -7.773693
            ],
            [
              110.158719,
              -7.773559
            ],
            [
              110.158693,
              -7.77353
            ],
            [
              110.158658,
              -7.773491
            ],
            [
              110.158632,
              -7.773487
            ],
            [
              110.158333,
              -7.773444
            ],
            [
              110.158295,
              -7.773439
            ],
            [
              110.158255,
              -7.773433
            ],
            [
              110.158105,
              -7.773396
            ],
            [
              110.158103,
              -7.773396
            ],
            [
              110.15808,
              -7.773363
            ],
            [
              110.15803,
              -7.773292
            ],
            [
              110.158027,
              -7.773288
            ],
            [
              110.157974,
              -7.773213
            ],
            [
              110.157965,
              -7.7732
            ],
            [
              110.15789,
              -7.773087
            ],
            [
              110.157805,
              -7.773014
            ],
            [
              110.157773,
              -7.772987
            ],
            [
              110.157735,
              -7.772955
            ],
            [
              110.15773,
              -7.772953
            ],
            [
              110.157621,
              -7.772912
            ],
            [
              110.157362,
              -7.772814
            ],
            [
              110.157173,
              -7.772741
            ],
            [
              110.157146,
              -7.772735
            ],
            [
              110.157134,
              -7.772706
            ],
            [
              110.157078,
              -7.772619
            ],
            [
              110.156959,
              -7.772526
            ],
            [
              110.156922,
              -7.772509
            ],
            [
              110.156742,
              -7.772423
            ],
            [
              110.156718,
              -7.772416
            ],
            [
              110.156497,
              -7.772282
            ],
            [
              110.156442,
              -7.772249
            ],
            [
              110.156376,
              -7.772207
            ],
            [
              110.156302,
              -7.772159
            ],
            [
              110.156301,
              -7.772158
            ],
            [
              110.156194,
              -7.772089
            ],
            [
              110.156174,
              -7.772083
            ],
            [
              110.155906,
              -7.772011
            ],
            [
              110.155906,
              -7.772011
            ],
            [
              110.155861,
              -7.771982
            ],
            [
              110.155736,
              -7.7719
            ],
            [
              110.155676,
              -7.771861
            ],
            [
              110.155409,
              -7.771787
            ],
            [
              110.155162,
              -7.771718
            ],
            [
              110.155034,
              -7.771706
            ],
            [
              110.154959,
              -7.771728
            ],
            [
              110.154929,
              -7.771737
            ],
            [
              110.154928,
              -7.771737
            ],
            [
              110.15487,
              -7.771737
            ],
            [
              110.154491,
              -7.771583
            ],
            [
              110.154459,
              -7.77157
            ],
            [
              110.154351,
              -7.771517
            ],
            [
              110.154281,
              -7.771482
            ],
            [
              110.154271,
              -7.771477
            ],
            [
              110.154234,
              -7.771459
            ],
            [
              110.154195,
              -7.771438
            ],
            [
              110.154135,
              -7.771404
            ],
            [
              110.15412,
              -7.771396
            ],
            [
              110.154067,
              -7.771366
            ],
            [
              110.154045,
              -7.771348
            ],
            [
              110.154029,
              -7.771335
            ],
            [
              110.154022,
              -7.771329
            ],
            [
              110.153943,
              -7.771253
            ],
            [
              110.153749,
              -7.771068
            ],
            [
              110.153733,
              -7.771058
            ],
            [
              110.153617,
              -7.770989
            ],
            [
              110.153549,
              -7.770949
            ],
            [
              110.153458,
              -7.770896
            ],
            [
              110.153371,
              -7.770813
            ],
            [
              110.153313,
              -7.770657
            ],
            [
              110.153276,
              -7.770571
            ],
            [
              110.153236,
              -7.770478
            ],
            [
              110.153117,
              -7.770376
            ],
            [
              110.153027,
              -7.770306
            ],
            [
              110.152982,
              -7.770199
            ],
            [
              110.152949,
              -7.770058
            ],
            [
              110.152904,
              -7.769998
            ],
            [
              110.152902,
              -7.769999
            ],
            [
              110.152865,
              -7.769993
            ],
            [
              110.152804,
              -7.769982
            ],
            [
              110.152741,
              -7.769972
            ],
            [
              110.152565,
              -7.769966
            ],
            [
              110.152479,
              -7.769963
            ],
            [
              110.152437,
              -7.769871
            ],
            [
              110.1522,
              -7.769598
            ],
            [
              110.152057,
              -7.769335
            ],
            [
              110.151955,
              -7.76913
            ],
            [
              110.151742,
              -7.76888
            ],
            [
              110.151576,
              -7.768667
            ],
            [
              110.151444,
              -7.768513
            ],
            [
              110.151362,
              -7.768408
            ],
            [
              110.151334,
              -7.768362
            ],
            [
              110.151214,
              -7.768171
            ],
            [
              110.151077,
              -7.767955
            ],
            [
              110.151037,
              -7.767891
            ],
            [
              110.151037,
              -7.767891
            ],
            [
              110.150965,
              -7.76743
            ],
            [
              110.15093,
              -7.766985
            ],
            [
              110.150935,
              -7.766859
            ],
            [
              110.150955,
              -7.76636
            ],
            [
              110.150961,
              -7.766226
            ],
            [
              110.150968,
              -7.766052
            ],
            [
              110.150968,
              -7.766048
            ],
            [
              110.150965,
              -7.765674
            ],
            [
              110.15084,
              -7.7652
            ],
            [
              110.150817,
              -7.765112
            ],
            [
              110.150743,
              -7.764831
            ],
            [
              110.1502,
              -7.764288
            ],
            [
              110.150114,
              -7.764202
            ],
            [
              110.14998,
              -7.764068
            ],
            [
              110.149671,
              -7.76371
            ],
            [
              110.149416,
              -7.763414
            ],
            [
              110.149324,
              -7.763258
            ],
            [
              110.14896,
              -7.76264
            ],
            [
              110.148841,
              -7.762439
            ],
            [
              110.148776,
              -7.762324
            ],
            [
              110.148526,
              -7.761883
            ],
            [
              110.147964,
              -7.761308
            ],
            [
              110.147174,
              -7.76076
            ],
            [
              110.146866,
              -7.760489
            ],
            [
              110.146389,
              -7.760068
            ],
            [
              110.146267,
              -7.760016
            ],
            [
              110.145938,
              -7.759875
            ],
            [
              110.145794,
              -7.759813
            ],
            [
              110.145549,
              -7.759708
            ],
            [
              110.144969,
              -7.759585
            ],
            [
              110.144841,
              -7.759558
            ],
            [
              110.144835,
              -7.759557
            ],
            [
              110.144558,
              -7.759557
            ],
            [
              110.144385,
              -7.759557
            ],
            [
              110.144314,
              -7.759607
            ],
            [
              110.144259,
              -7.759625
            ],
            [
              110.144243,
              -7.75963
            ],
            [
              110.144155,
              -7.759656
            ],
            [
              110.144084,
              -7.759638
            ],
            [
              110.144067,
              -7.759646
            ],
            [
              110.143962,
              -7.759695
            ],
            [
              110.143882,
              -7.759727
            ],
            [
              110.14388,
              -7.759728
            ],
            [
              110.143818,
              -7.759755
            ],
            [
              110.143812,
              -7.759758
            ],
            [
              110.143721,
              -7.759804
            ],
            [
              110.143643,
              -7.759824
            ],
            [
              110.143643,
              -7.759824
            ],
            [
              110.143576,
              -7.759869
            ],
            [
              110.143433,
              -7.759949
            ],
            [
              110.143364,
              -7.759993
            ],
            [
              110.143318,
              -7.760022
            ],
            [
              110.143231,
              -7.760059
            ],
            [
              110.143217,
              -7.760067
            ],
            [
              110.143137,
              -7.760095
            ],
            [
              110.143058,
              -7.760182
            ],
            [
              110.142972,
              -7.760277
            ],
            [
              110.14295,
              -7.760302
            ],
            [
              110.142685,
              -7.760552
            ],
            [
              110.142611,
              -7.760622
            ],
            [
              110.142136,
              -7.76107
            ],
            [
              110.142133,
              -7.761072
            ],
            [
              110.141971,
              -7.761192
            ],
            [
              110.14165,
              -7.761428
            ],
            [
              110.141584,
              -7.761477
            ],
            [
              110.141033,
              -7.761715
            ],
            [
              110.140684,
              -7.761813
            ],
            [
              110.140217,
              -7.761944
            ],
            [
              110.139813,
              -7.761989
            ],
            [
              110.139644,
              -7.762008
            ],
            [
              110.13961,
              -7.762012
            ],
            [
              110.13955,
              -7.762019
            ],
            [
              110.138618,
              -7.762122
            ],
            [
              110.13831,
              -7.762156
            ],
            [
              110.138244,
              -7.762177
            ],
            [
              110.137837,
              -7.762305
            ],
            [
              110.137846,
              -7.762317
            ],
            [
              110.137851,
              -7.762451
            ],
            [
              110.13785,
              -7.762514
            ],
            [
              110.13785,
              -7.762589
            ],
            [
              110.137849,
              -7.762651
            ],
            [
              110.137909,
              -7.762692
            ],
            [
              110.13814,
              -7.762849
            ],
            [
              110.138145,
              -7.762853
            ],
            [
              110.138214,
              -7.762965
            ],
            [
              110.138257,
              -7.763035
            ],
            [
              110.138307,
              -7.763115
            ],
            [
              110.138332,
              -7.763156
            ],
            [
              110.138356,
              -7.763194
            ],
            [
              110.138407,
              -7.763331
            ],
            [
              110.138411,
              -7.763342
            ],
            [
              110.138435,
              -7.763405
            ],
            [
              110.138496,
              -7.763568
            ],
            [
              110.138507,
              -7.763713
            ],
            [
              110.13852,
              -7.763882
            ],
            [
              110.138479,
              -7.764078
            ],
            [
              110.138423,
              -7.764122
            ],
            [
              110.138379,
              -7.764156
            ],
            [
              110.138255,
              -7.764178
            ],
            [
              110.138254,
              -7.764179
            ],
            [
              110.138221,
              -7.764233
            ],
            [
              110.138164,
              -7.764325
            ],
            [
              110.138098,
              -7.76461
            ],
            [
              110.138092,
              -7.764635
            ],
            [
              110.138061,
              -7.764773
            ],
            [
              110.138059,
              -7.76478
            ],
            [
              110.138058,
              -7.76509
            ],
            [
              110.13804,
              -7.765272
            ],
            [
              110.13804,
              -7.765275
            ],
            [
              110.138027,
              -7.765442
            ],
            [
              110.138027,
              -7.765444
            ],
            [
              110.138015,
              -7.765589
            ],
            [
              110.138006,
              -7.76571
            ],
            [
              110.137987,
              -7.765742
            ],
            [
              110.137961,
              -7.765786
            ],
            [
              110.137755,
              -7.766136
            ],
            [
              110.137678,
              -7.766267
            ],
            [
              110.137649,
              -7.766316
            ],
            [
              110.137633,
              -7.766341
            ],
            [
              110.137589,
              -7.766416
            ],
            [
              110.137573,
              -7.766444
            ],
            [
              110.137545,
              -7.766491
            ],
            [
              110.137524,
              -7.766527
            ],
            [
              110.137528,
              -7.766566
            ],
            [
              110.137532,
              -7.766614
            ],
            [
              110.137567,
              -7.767011
            ],
            [
              110.13757,
              -7.767042
            ],
            [
              110.137597,
              -7.767345
            ],
            [
              110.137603,
              -7.767407
            ],
            [
              110.137566,
              -7.767627
            ],
            [
              110.137539,
              -7.76779
            ],
            [
              110.137598,
              -7.768038
            ],
            [
              110.137614,
              -7.768106
            ],
            [
              110.137626,
              -7.768191
            ],
            [
              110.137639,
              -7.768289
            ],
            [
              110.137639,
              -7.76829
            ],
            [
              110.13764,
              -7.768291
            ],
            [
              110.137673,
              -7.768368
            ],
            [
              110.137696,
              -7.768422
            ],
            [
              110.137719,
              -7.76847
            ],
            [
              110.137794,
              -7.768622
            ],
            [
              110.137881,
              -7.768799
            ],
            [
              110.137888,
              -7.768813
            ],
            [
              110.13798,
              -7.769
            ],
            [
              110.138054,
              -7.769138
            ],
            [
              110.138189,
              -7.769275
            ],
            [
              110.138236,
              -7.769323
            ],
            [
              110.138346,
              -7.769331
            ],
            [
              110.138506,
              -7.76932
            ],
            [
              110.138508,
              -7.76932
            ],
            [
              110.138513,
              -7.76932
            ],
            [
              110.138591,
              -7.769341
            ],
            [
              110.138625,
              -7.76935
            ],
            [
              110.138766,
              -7.769479
            ],
            [
              110.13883,
              -7.769621
            ],
            [
              110.138897,
              -7.769759
            ],
            [
              110.139019,
              -7.770009
            ],
            [
              110.139192,
              -7.770225
            ],
            [
              110.139192,
              -7.770227
            ],
            [
              110.139184,
              -7.770313
            ],
            [
              110.139117,
              -7.770491
            ],
            [
              110.139093,
              -7.770564
            ],
            [
              110.139015,
              -7.770805
            ],
            [
              110.139002,
              -7.770845
            ],
            [
              110.139008,
              -7.771143
            ],
            [
              110.139019,
              -7.771748
            ],
            [
              110.139019,
              -7.771748
            ],
            [
              110.139085,
              -7.771966
            ],
            [
              110.139117,
              -7.772071
            ],
            [
              110.139132,
              -7.7721
            ],
            [
              110.139269,
              -7.772294
            ],
            [
              110.139284,
              -7.772316
            ],
            [
              110.139284,
              -7.772317
            ],
            [
              110.139285,
              -7.772334
            ],
            [
              110.139291,
              -7.772419
            ],
            [
              110.139292,
              -7.772427
            ],
            [
              110.139302,
              -7.772527
            ],
            [
              110.139307,
              -7.772575
            ],
            [
              110.139307,
              -7.772577
            ],
            [
              110.139315,
              -7.772659
            ],
            [
              110.139349,
              -7.772686
            ],
            [
              110.139389,
              -7.772736
            ],
            [
              110.139416,
              -7.772771
            ],
            [
              110.139449,
              -7.772853
            ],
            [
              110.139528,
              -7.773049
            ],
            [
              110.139638,
              -7.773212
            ],
            [
              110.139692,
              -7.773292
            ],
            [
              110.139813,
              -7.773398
            ],
            [
              110.139868,
              -7.773446
            ],
            [
              110.139913,
              -7.773462
            ],
            [
              110.13993,
              -7.773508
            ],
            [
              110.13993,
              -7.773508
            ],
            [
              110.140174,
              -7.773998
            ],
            [
              110.140209,
              -7.774068
            ],
            [
              110.140306,
              -7.774144
            ],
            [
              110.140432,
              -7.774238
            ],
            [
              110.140475,
              -7.774317
            ],
            [
              110.140505,
              -7.774372
            ],
            [
              110.140521,
              -7.774412
            ],
            [
              110.140557,
              -7.774499
            ],
            [
              110.140564,
              -7.774516
            ],
            [
              110.140561,
              -7.774519
            ],
            [
              110.140492,
              -7.77459
            ],
            [
              110.140484,
              -7.774598
            ],
            [
              110.140454,
              -7.774629
            ],
            [
              110.140445,
              -7.774638
            ],
            [
              110.140406,
              -7.77474
            ],
            [
              110.14039,
              -7.774846
            ],
            [
              110.140282,
              -7.775548
            ],
            [
              110.140279,
              -7.775663
            ],
            [
              110.140274,
              -7.775873
            ],
            [
              110.140274,
              -7.775874
            ],
            [
              110.140285,
              -7.77599
            ],
            [
              110.140459,
              -7.776128
            ],
            [
              110.140459,
              -7.776129
            ],
            [
              110.140399,
              -7.776341
            ],
            [
              110.140202,
              -7.776732
            ],
            [
              110.14013,
              -7.776787
            ],
            [
              110.140039,
              -7.776784
            ],
            [
              110.140018,
              -7.77681
            ],
            [
              110.140003,
              -7.776829
            ],
            [
              110.140002,
              -7.77683
            ],
            [
              110.140002,
              -7.776834
            ],
            [
              110.139988,
              -7.776985
            ],
            [
              110.139988,
              -7.776985
            ],
            [
              110.139988,
              -7.776985
            ],
            [
              110.140013,
              -7.7771
            ],
            [
              110.140019,
              -7.777131
            ],
            [
              110.140019,
              -7.777131
            ],
            [
              110.140019,
              -7.777131
            ],
            [
              110.139993,
              -7.777173
            ],
            [
              110.139993,
              -7.777174
            ],
            [
              110.13999,
              -7.777883
            ],
            [
              110.139808,
              -7.778363
            ],
            [
              110.13975,
              -7.778517
            ],
            [
              110.139733,
              -7.778562
            ],
            [
              110.139697,
              -7.778656
            ],
            [
              110.139695,
              -7.77866
            ],
            [
              110.139669,
              -7.778731
            ],
            [
              110.139664,
              -7.778743
            ],
            [
              110.139647,
              -7.778806
            ],
            [
              110.139557,
              -7.779139
            ],
            [
              110.13949,
              -7.779284
            ],
            [
              110.139249,
              -7.779811
            ],
            [
              110.139065,
              -7.78003
            ],
            [
              110.138719,
              -7.780247
            ],
            [
              110.138401,
              -7.780421
            ],
            [
              110.138053,
              -7.780522
            ],
            [
              110.137904,
              -7.780575
            ],
            [
              110.137684,
              -7.780554
            ],
            [
              110.13762,
              -7.780529
            ],
            [
              110.137618,
              -7.780528
            ],
            [
              110.137469,
              -7.78047
            ],
            [
              110.137425,
              -7.780453
            ],
            [
              110.137396,
              -7.780442
            ],
            [
              110.137277,
              -7.780395
            ],
            [
              110.137093,
              -7.780323
            ],
            [
              110.137038,
              -7.780302
            ],
            [
              110.136962,
              -7.780272
            ],
            [
              110.136885,
              -7.780242
            ],
            [
              110.13662,
              -7.780113
            ],
            [
              110.136409,
              -7.780011
            ],
            [
              110.136386,
              -7.78
            ],
            [
              110.136132,
              -7.779877
            ],
            [
              110.13583,
              -7.779703
            ],
            [
              110.135815,
              -7.779694
            ],
            [
              110.13574,
              -7.779651
            ],
            [
              110.135693,
              -7.779624
            ],
            [
              110.135665,
              -7.779607
            ],
            [
              110.135479,
              -7.7795
            ],
            [
              110.135456,
              -7.779487
            ],
            [
              110.134876,
              -7.779053
            ],
            [
              110.134642,
              -7.778915
            ],
            [
              110.134253,
              -7.778816
            ],
            [
              110.134168,
              -7.778817
            ],
            [
              110.134145,
              -7.778817
            ],
            [
              110.133854,
              -7.778821
            ],
            [
              110.133406,
              -7.778907
            ],
            [
              110.133295,
              -7.778943
            ],
            [
              110.133263,
              -7.778954
            ],
            [
              110.133035,
              -7.779088
            ],
            [
              110.132907,
              -7.77919
            ],
            [
              110.132806,
              -7.779269
            ],
            [
              110.132738,
              -7.779348
            ],
            [
              110.132639,
              -7.779464
            ],
            [
              110.132625,
              -7.779505
            ],
            [
              110.13256,
              -7.779693
            ],
            [
              110.132532,
              -7.779775
            ],
            [
              110.132512,
              -7.779993
            ],
            [
              110.132519,
              -7.78004
            ],
            [
              110.132538,
              -7.780165
            ],
            [
              110.132624,
              -7.780397
            ],
            [
              110.132625,
              -7.780399
            ],
            [
              110.132645,
              -7.780444
            ],
            [
              110.132721,
              -7.780612
            ],
            [
              110.132749,
              -7.780675
            ],
            [
              110.132783,
              -7.78078
            ],
            [
              110.132802,
              -7.78084
            ],
            [
              110.132812,
              -7.780929
            ],
            [
              110.132822,
              -7.781019
            ],
            [
              110.132775,
              -7.781283
            ],
            [
              110.132731,
              -7.781407
            ],
            [
              110.132568,
              -7.781872
            ],
            [
              110.132508,
              -7.782043
            ],
            [
              110.132428,
              -7.782375
            ],
            [
              110.132399,
              -7.782496
            ],
            [
              110.132359,
              -7.782825
            ],
            [
              110.132326,
              -7.7831
            ],
            [
              110.132125,
              -7.783632
            ],
            [
              110.131885,
              -7.783951
            ],
            [
              110.131601,
              -7.784151
            ],
            [
              110.131421,
              -7.784259
            ],
            [
              110.131343,
              -7.784306
            ],
            [
              110.131188,
              -7.784359
            ],
            [
              110.131024,
              -7.784414
            ],
            [
              110.130735,
              -7.784444
            ],
            [
              110.130702,
              -7.784435
            ],
            [
              110.130592,
              -7.784405
            ],
            [
              110.130505,
              -7.784382
            ],
            [
              110.130184,
              -7.784216
            ],
            [
              110.129957,
              -7.784014
            ],
            [
              110.129935,
              -7.783996
            ],
            [
              110.129823,
              -7.783904
            ],
            [
              110.129335,
              -7.783502
            ],
            [
              110.129308,
              -7.78348
            ],
            [
              110.129259,
              -7.783457
            ],
            [
              110.129222,
              -7.783439
            ],
            [
              110.129178,
              -7.783418
            ],
            [
              110.129109,
              -7.783385
            ],
            [
              110.129064,
              -7.783363
            ],
            [
              110.129034,
              -7.783348
            ],
            [
              110.128959,
              -7.783312
            ],
            [
              110.128907,
              -7.783288
            ],
            [
              110.128884,
              -7.783276
            ],
            [
              110.128839,
              -7.783255
            ],
            [
              110.128808,
              -7.783244
            ],
            [
              110.128733,
              -7.783216
            ],
            [
              110.128725,
              -7.783212
            ],
            [
              110.128583,
              -7.783159
            ],
            [
              110.128522,
              -7.783137
            ],
            [
              110.128432,
              -7.783103
            ],
            [
              110.12832,
              -7.783061
            ],
            [
              110.128117,
              -7.782986
            ],
            [
              110.128037,
              -7.782956
            ],
            [
              110.127951,
              -7.78291
            ],
            [
              110.127798,
              -7.78283
            ],
            [
              110.127756,
              -7.782807
            ],
            [
              110.127666,
              -7.78276
            ],
            [
              110.127545,
              -7.782696
            ],
            [
              110.12753,
              -7.782695
            ],
            [
              110.127379,
              -7.782686
            ],
            [
              110.127348,
              -7.782684
            ],
            [
              110.127231,
              -7.782677
            ],
            [
              110.127198,
              -7.782696
            ],
            [
              110.127086,
              -7.782759
            ],
            [
              110.127078,
              -7.782763
            ],
            [
              110.126912,
              -7.782856
            ],
            [
              110.126708,
              -7.783068
            ],
            [
              110.126465,
              -7.783516
            ],
            [
              110.126394,
              -7.783794
            ],
            [
              110.126341,
              -7.784003
            ],
            [
              110.126336,
              -7.784021
            ],
            [
              110.126211,
              -7.785021
            ],
            [
              110.126166,
              -7.785376
            ],
            [
              110.126139,
              -7.785595
            ],
            [
              110.126124,
              -7.785717
            ],
            [
              110.126109,
              -7.785834
            ],
            [
              110.126099,
              -7.785909
            ],
            [
              110.126093,
              -7.78596
            ],
            [
              110.126083,
              -7.785984
            ],
            [
              110.12606,
              -7.786043
            ],
            [
              110.126025,
              -7.786132
            ],
            [
              110.125939,
              -7.786347
            ],
            [
              110.125731,
              -7.786871
            ],
            [
              110.125702,
              -7.786936
            ],
            [
              110.125597,
              -7.787165
            ],
            [
              110.125378,
              -7.787645
            ],
            [
              110.125206,
              -7.788037
            ],
            [
              110.125142,
              -7.788183
            ],
            [
              110.12502,
              -7.788511
            ],
            [
              110.125019,
              -7.788512
            ],
            [
              110.125018,
              -7.788515
            ],
            [
              110.125016,
              -7.788684
            ],
            [
              110.125014,
              -7.788834
            ],
            [
              110.125012,
              -7.788936
            ],
            [
              110.125009,
              -7.789133
            ],
            [
              110.125006,
              -7.789404
            ],
            [
              110.125001,
              -7.789744
            ],
            [
              110.125001,
              -7.789744
            ],
            [
              110.125,
              -7.789744
            ],
            [
              110.124867,
              -7.789754
            ],
            [
              110.124745,
              -7.789834
            ],
            [
              110.12461,
              -7.789913
            ],
            [
              110.124538,
              -7.789921
            ],
            [
              110.124435,
              -7.789848
            ],
            [
              110.124372,
              -7.789805
            ],
            [
              110.124222,
              -7.789788
            ],
            [
              110.12412,
              -7.789744
            ],
            [
              110.12402,
              -7.789598
            ],
            [
              110.12397,
              -7.78953
            ],
            [
              110.123906,
              -7.78937
            ],
            [
              110.12381,
              -7.789301
            ],
            [
              110.123638,
              -7.789221
            ],
            [
              110.12353,
              -7.789165
            ],
            [
              110.123476,
              -7.789137
            ],
            [
              110.123312,
              -7.789018
            ],
            [
              110.123312,
              -7.789018
            ],
            [
              110.123335,
              -7.788968
            ],
            [
              110.123348,
              -7.78894
            ],
            [
              110.123348,
              -7.78894
            ],
            [
              110.123345,
              -7.788906
            ],
            [
              110.123338,
              -7.788831
            ],
            [
              110.123337,
              -7.788822
            ],
            [
              110.123337,
              -7.788821
            ],
            [
              110.123329,
              -7.788807
            ],
            [
              110.123329,
              -7.788806
            ],
            [
              110.123227,
              -7.788758
            ],
            [
              110.123015,
              -7.7887
            ],
            [
              110.123007,
              -7.788698
            ],
            [
              110.122856,
              -7.788622
            ],
            [
              110.122816,
              -7.788573
            ],
            [
              110.122782,
              -7.788533
            ],
            [
              110.122759,
              -7.788086
            ],
            [
              110.122756,
              -7.78806
            ],
            [
              110.122745,
              -7.78796
            ],
            [
              110.122702,
              -7.787866
            ],
            [
              110.122585,
              -7.787792
            ],
            [
              110.122309,
              -7.787762
            ],
            [
              110.12201,
              -7.787662
            ],
            [
              110.121869,
              -7.787626
            ],
            [
              110.121794,
              -7.787616
            ],
            [
              110.121568,
              -7.78745
            ],
            [
              110.12148,
              -7.787332
            ],
            [
              110.121282,
              -7.787072
            ],
            [
              110.121251,
              -7.787031
            ],
            [
              110.121192,
              -7.786884
            ],
            [
              110.120962,
              -7.786673
            ],
            [
              110.120957,
              -7.786668
            ],
            [
              110.120877,
              -7.786636
            ],
            [
              110.120717,
              -7.786465
            ],
            [
              110.12062,
              -7.786318
            ],
            [
              110.120564,
              -7.786233
            ],
            [
              110.120518,
              -7.786179
            ],
            [
              110.120262,
              -7.786134
            ],
            [
              110.120225,
              -7.786127
            ],
            [
              110.12016,
              -7.786114
            ],
            [
              110.120102,
              -7.786052
            ],
            [
              110.120062,
              -7.78583
            ],
            [
              110.12006,
              -7.7858
            ],
            [
              110.120056,
              -7.785738
            ],
            [
              110.120011,
              -7.785663
            ],
            [
              110.119871,
              -7.785608
            ],
            [
              110.119759,
              -7.785589
            ],
            [
              110.119681,
              -7.785554
            ],
            [
              110.11966,
              -7.785545
            ],
            [
              110.119595,
              -7.785457
            ],
            [
              110.119568,
              -7.785176
            ],
            [
              110.119568,
              -7.785157
            ],
            [
              110.119571,
              -7.784885
            ],
            [
              110.119538,
              -7.784843
            ],
            [
              110.119496,
              -7.78479
            ],
            [
              110.119485,
              -7.784775
            ],
            [
              110.119455,
              -7.784722
            ],
            [
              110.119418,
              -7.784721
            ],
            [
              110.11936,
              -7.78472
            ],
            [
              110.119193,
              -7.784716
            ],
            [
              110.119105,
              -7.784714
            ],
            [
              110.118987,
              -7.78465
            ],
            [
              110.118982,
              -7.784647
            ],
            [
              110.118669,
              -7.784486
            ],
            [
              110.118186,
              -7.784059
            ],
            [
              110.117693,
              -7.783595
            ],
            [
              110.117352,
              -7.783253
            ],
            [
              110.11686,
              -7.782732
            ],
            [
              110.116604,
              -7.782542
            ],
            [
              110.116329,
              -7.782438
            ],
            [
              110.116053,
              -7.78238
            ],
            [
              110.115693,
              -7.782257
            ],
            [
              110.115333,
              -7.782076
            ],
            [
              110.114868,
              -7.781744
            ],
            [
              110.114524,
              -7.781508
            ],
            [
              110.114413,
              -7.781431
            ],
            [
              110.114357,
              -7.781386
            ],
            [
              110.113835,
              -7.780966
            ],
            [
              110.113696,
              -7.780844
            ],
            [
              110.11367,
              -7.780821
            ],
            [
              110.113305,
              -7.780502
            ],
            [
              110.112888,
              -7.780113
            ],
            [
              110.112386,
              -7.779658
            ],
            [
              110.111965,
              -7.779266
            ],
            [
              110.111959,
              -7.77926
            ],
            [
              110.111734,
              -7.779029
            ],
            [
              110.111513,
              -7.778804
            ],
            [
              110.111505,
              -7.778795
            ],
            [
              110.111501,
              -7.778791
            ],
            [
              110.111499,
              -7.778789
            ],
            [
              110.11143,
              -7.778725
            ],
            [
              110.111219,
              -7.778527
            ],
            [
              110.111156,
              -7.778467
            ],
            [
              110.11105,
              -7.778368
            ],
            [
              110.110718,
              -7.778084
            ],
            [
              110.110667,
              -7.778048
            ],
            [
              110.110577,
              -7.777983
            ],
            [
              110.110548,
              -7.777962
            ],
            [
              110.110657,
              -7.777746
            ],
            [
              110.110757,
              -7.777696
            ],
            [
              110.110757,
              -7.77762
            ],
            [
              110.110833,
              -7.777621
            ],
            [
              110.110833,
              -7.777592
            ],
            [
              110.110902,
              -7.77758
            ],
            [
              110.111046,
              -7.777555
            ],
            [
              110.111452,
              -7.777379
            ],
            [
              110.111483,
              -7.777365
            ],
            [
              110.111498,
              -7.777359
            ],
            [
              110.11173,
              -7.77721
            ],
            [
              110.111771,
              -7.777107
            ],
            [
              110.111802,
              -7.777036
            ],
            [
              110.111828,
              -7.77696
            ],
            [
              110.111849,
              -7.776882
            ],
            [
              110.111868,
              -7.776801
            ],
            [
              110.111885,
              -7.77672
            ],
            [
              110.111902,
              -7.776639
            ],
            [
              110.111921,
              -7.776559
            ],
            [
              110.111941,
              -7.77648
            ],
            [
              110.111962,
              -7.776403
            ],
            [
              110.111984,
              -7.776327
            ],
            [
              110.111994,
              -7.776292
            ],
            [
              110.112006,
              -7.776251
            ],
            [
              110.112022,
              -7.7762
            ],
            [
              110.11203,
              -7.776176
            ],
            [
              110.112054,
              -7.776102
            ],
            [
              110.112079,
              -7.776028
            ],
            [
              110.112103,
              -7.775954
            ],
            [
              110.112128,
              -7.775881
            ],
            [
              110.112153,
              -7.775807
            ],
            [
              110.112178,
              -7.775733
            ],
            [
              110.112203,
              -7.775658
            ],
            [
              110.112227,
              -7.775584
            ],
            [
              110.112252,
              -7.775509
            ],
            [
              110.112275,
              -7.775434
            ],
            [
              110.112286,
              -7.775401
            ],
            [
              110.112299,
              -7.775359
            ],
            [
              110.112322,
              -7.775284
            ],
            [
              110.112344,
              -7.775208
            ],
            [
              110.112366,
              -7.775132
            ],
            [
              110.112388,
              -7.775056
            ],
            [
              110.112408,
              -7.77498
            ],
            [
              110.112428,
              -7.774903
            ],
            [
              110.112447,
              -7.774826
            ],
            [
              110.112466,
              -7.774749
            ],
            [
              110.112483,
              -7.774671
            ],
            [
              110.112499,
              -7.774593
            ],
            [
              110.112515,
              -7.774515
            ],
            [
              110.112529,
              -7.774436
            ],
            [
              110.112542,
              -7.774357
            ],
            [
              110.112554,
              -7.774278
            ],
            [
              110.112565,
              -7.774199
            ],
            [
              110.112574,
              -7.774119
            ],
            [
              110.112582,
              -7.774038
            ],
            [
              110.112588,
              -7.773958
            ],
            [
              110.112593,
              -7.773877
            ],
            [
              110.112596,
              -7.773796
            ],
            [
              110.112596,
              -7.773716
            ],
            [
              110.112594,
              -7.773636
            ],
            [
              110.112589,
              -7.773556
            ],
            [
              110.112582,
              -7.773477
            ],
            [
              110.112571,
              -7.773398
            ],
            [
              110.112503,
              -7.773178
            ],
            [
              110.112462,
              -7.773045
            ],
            [
              110.112439,
              -7.77297
            ],
            [
              110.112498,
              -7.77297
            ],
            [
              110.112498,
              -7.772895
            ],
            [
              110.112498,
              -7.77282
            ],
            [
              110.112574,
              -7.77282
            ],
            [
              110.112838,
              -7.77234
            ],
            [
              110.113479,
              -7.771771
            ],
            [
              110.113479,
              -7.771696
            ],
            [
              110.113554,
              -7.771696
            ],
            [
              110.113555,
              -7.771621
            ],
            [
              110.11363,
              -7.771622
            ],
            [
              110.11363,
              -7.771546
            ],
            [
              110.113705,
              -7.771547
            ],
            [
              110.114231,
              -7.770869
            ],
            [
              110.114309,
              -7.770797
            ],
            [
              110.114309,
              -7.770572
            ],
            [
              110.114385,
              -7.770572
            ],
            [
              110.114385,
              -7.770422
            ],
            [
              110.114385,
              -7.770272
            ],
            [
              110.114385,
              -7.770197
            ],
            [
              110.114461,
              -7.770197
            ],
            [
              110.114461,
              -7.769822
            ],
            [
              110.114386,
              -7.769822
            ],
            [
              110.114386,
              -7.769747
            ],
            [
              110.114345,
              -7.769431
            ],
            [
              110.114008,
              -7.768489
            ],
            [
              110.113978,
              -7.768358
            ],
            [
              110.113683,
              -7.767064
            ],
            [
              110.113612,
              -7.765836
            ],
            [
              110.113607,
              -7.765744
            ],
            [
              110.113721,
              -7.76512
            ],
            [
              110.114162,
              -7.764369
            ],
            [
              110.114974,
              -7.76342
            ],
            [
              110.115183,
              -7.763147
            ],
            [
              110.115849,
              -7.762279
            ],
            [
              110.116058,
              -7.762094
            ],
            [
              110.116058,
              -7.762019
            ],
            [
              110.116133,
              -7.762019
            ],
            [
              110.116209,
              -7.761869
            ],
            [
              110.116209,
              -7.761794
            ],
            [
              110.116284,
              -7.761794
            ],
            [
              110.116285,
              -7.761719
            ],
            [
              110.11636,
              -7.761719
            ],
            [
              110.116436,
              -7.76157
            ],
            [
              110.116586,
              -7.761494
            ],
            [
              110.116623,
              -7.761364
            ],
            [
              110.116878,
              -7.761035
            ],
            [
              110.116963,
              -7.76097
            ],
            [
              110.117131,
              -7.760664
            ],
            [
              110.117301,
              -7.760547
            ],
            [
              110.117341,
              -7.76052
            ],
            [
              110.117508,
              -7.760214
            ],
            [
              110.117718,
              -7.76007
            ],
            [
              110.117718,
              -7.759995
            ],
            [
              110.117793,
              -7.759996
            ],
            [
              110.117793,
              -7.759921
            ],
            [
              110.117869,
              -7.759921
            ],
            [
              110.117869,
              -7.759846
            ],
            [
              110.117869,
              -7.759771
            ],
            [
              110.117944,
              -7.759771
            ],
            [
              110.117944,
              -7.759696
            ],
            [
              110.11802,
              -7.759696
            ],
            [
              110.11802,
              -7.759621
            ],
            [
              110.118095,
              -7.759621
            ],
            [
              110.118095,
              -7.759546
            ],
            [
              110.118171,
              -7.759546
            ],
            [
              110.118171,
              -7.759471
            ],
            [
              110.118248,
              -7.75932
            ],
            [
              110.118648,
              -7.759122
            ],
            [
              110.118718,
              -7.759108
            ],
            [
              110.118774,
              -7.759097
            ],
            [
              110.11889,
              -7.758912
            ],
            [
              110.118963,
              -7.758749
            ],
            [
              110.119496,
              -7.758013
            ],
            [
              110.119719,
              -7.758083
            ],
            [
              110.119754,
              -7.758123
            ],
            [
              110.119904,
              -7.758123
            ],
            [
              110.120131,
              -7.757824
            ],
            [
              110.120131,
              -7.757749
            ],
            [
              110.120206,
              -7.757749
            ],
            [
              110.120206,
              -7.757674
            ],
            [
              110.120207,
              -7.7576
            ],
            [
              110.120208,
              -7.757599
            ],
            [
              110.120282,
              -7.757599
            ],
            [
              110.120282,
              -7.757524
            ],
            [
              110.120357,
              -7.757524
            ],
            [
              110.120415,
              -7.757319
            ],
            [
              110.120734,
              -7.757074
            ],
            [
              110.120735,
              -7.756999
            ],
            [
              110.120735,
              -7.756924
            ],
            [
              110.12081,
              -7.756924
            ],
            [
              110.12081,
              -7.756849
            ],
            [
              110.120885,
              -7.756849
            ],
            [
              110.12104,
              -7.756628
            ],
            [
              110.121262,
              -7.756475
            ],
            [
              110.121263,
              -7.7564
            ],
            [
              110.121338,
              -7.7564
            ],
            [
              110.121338,
              -7.756325
            ],
            [
              110.121338,
              -7.75625
            ],
            [
              110.121413,
              -7.75625
            ],
            [
              110.12168,
              -7.755916
            ],
            [
              110.121867,
              -7.755425
            ],
            [
              110.121867,
              -7.7552
            ],
            [
              110.121921,
              -7.754994
            ],
            [
              110.122214,
              -7.754645
            ],
            [
              110.122245,
              -7.75445
            ],
            [
              110.122246,
              -7.754075
            ],
            [
              110.122321,
              -7.754075
            ],
            [
              110.122482,
              -7.75389
            ],
            [
              110.123035,
              -7.753436
            ],
            [
              110.123456,
              -7.753341
            ],
            [
              110.123568,
              -7.753142
            ],
            [
              110.123638,
              -7.752987
            ],
            [
              110.123678,
              -7.752952
            ],
            [
              110.123678,
              -7.752727
            ],
            [
              110.123754,
              -7.752727
            ],
            [
              110.123754,
              -7.752652
            ],
            [
              110.123779,
              -7.752527
            ],
            [
              110.12403,
              -7.752252
            ],
            [
              110.124094,
              -7.752033
            ],
            [
              110.124357,
              -7.751902
            ],
            [
              110.124508,
              -7.751828
            ],
            [
              110.124659,
              -7.751753
            ],
            [
              110.124684,
              -7.751628
            ],
            [
              110.12481,
              -7.751378
            ],
            [
              110.12481,
              -7.751303
            ],
            [
              110.124886,
              -7.751303
            ],
            [
              110.124886,
              -7.751228
            ],
            [
              110.124886,
              -7.751153
            ],
            [
              110.124961,
              -7.751153
            ],
            [
              110.124961,
              -7.751078
            ],
            [
              110.124961,
              -7.751003
            ],
            [
              110.125037,
              -7.751003
            ],
            [
              110.12511,
              -7.750763
            ],
            [
              110.125288,
              -7.750291
            ],
            [
              110.125668,
              -7.75011
            ],
            [
              110.125844,
              -7.750026
            ],
            [
              110.125859,
              -7.750019
            ],
            [
              110.126136,
              -7.749887
            ],
            [
              110.126248,
              -7.749834
            ],
            [
              110.126308,
              -7.749822
            ],
            [
              110.126368,
              -7.749809
            ],
            [
              110.126428,
              -7.749796
            ],
            [
              110.126487,
              -7.749782
            ],
            [
              110.126546,
              -7.749767
            ],
            [
              110.126604,
              -7.749752
            ],
            [
              110.126663,
              -7.749736
            ],
            [
              110.126721,
              -7.74972
            ],
            [
              110.126779,
              -7.749703
            ],
            [
              110.126836,
              -7.749686
            ],
            [
              110.126894,
              -7.749668
            ],
            [
              110.126907,
              -7.749664
            ],
            [
              110.126951,
              -7.74965
            ],
            [
              110.127008,
              -7.749631
            ],
            [
              110.127065,
              -7.749612
            ],
            [
              110.127122,
              -7.749593
            ],
            [
              110.127179,
              -7.749573
            ],
            [
              110.127236,
              -7.749553
            ],
            [
              110.127251,
              -7.749548
            ],
            [
              110.127292,
              -7.749533
            ],
            [
              110.127332,
              -7.749519
            ],
            [
              110.12734,
              -7.749516
            ],
            [
              110.127349,
              -7.749512
            ],
            [
              110.127406,
              -7.749492
            ],
            [
              110.127439,
              -7.749479
            ],
            [
              110.127462,
              -7.749471
            ],
            [
              110.127519,
              -7.74945
            ],
            [
              110.127575,
              -7.749429
            ],
            [
              110.127631,
              -7.749408
            ],
            [
              110.127688,
              -7.749387
            ],
            [
              110.127744,
              -7.749366
            ],
            [
              110.127801,
              -7.749345
            ],
            [
              110.127857,
              -7.749324
            ],
            [
              110.127914,
              -7.749303
            ],
            [
              110.127962,
              -7.749286
            ],
            [
              110.127971,
              -7.749283
            ],
            [
              110.128027,
              -7.749262
            ],
            [
              110.128084,
              -7.749242
            ],
            [
              110.128092,
              -7.749239
            ],
            [
              110.128141,
              -7.749222
            ],
            [
              110.128198,
              -7.749202
            ],
            [
              110.128255,
              -7.749183
            ],
            [
              110.128313,
              -7.749164
            ],
            [
              110.128334,
              -7.749157
            ],
            [
              110.12837,
              -7.749145
            ],
            [
              110.128428,
              -7.749127
            ],
            [
              110.128485,
              -7.749108
            ],
            [
              110.128533,
              -7.749093
            ],
            [
              110.128542,
              -7.74909
            ],
            [
              110.128569,
              -7.749081
            ],
            [
              110.1286,
              -7.749071
            ],
            [
              110.128657,
              -7.749052
            ],
            [
              110.128714,
              -7.749033
            ],
            [
              110.128771,
              -7.749013
            ],
            [
              110.128828,
              -7.748993
            ],
            [
              110.128838,
              -7.748989
            ],
            [
              110.128884,
              -7.748972
            ],
            [
              110.128941,
              -7.74895
            ],
            [
              110.128996,
              -7.748927
            ],
            [
              110.1293,
              -7.748747
            ],
            [
              110.129743,
              -7.748485
            ],
            [
              110.129816,
              -7.748418
            ],
            [
              110.130272,
              -7.747999
            ],
            [
              110.13031,
              -7.747872
            ],
            [
              110.130353,
              -7.74773
            ],
            [
              110.130408,
              -7.747613
            ],
            [
              110.13042,
              -7.747583
            ],
            [
              110.130456,
              -7.747493
            ],
            [
              110.130497,
              -7.74737
            ],
            [
              110.130532,
              -7.747245
            ],
            [
              110.130562,
              -7.747119
            ],
            [
              110.130587,
              -7.746992
            ],
            [
              110.130593,
              -7.746958
            ],
            [
              110.130599,
              -7.746921
            ],
            [
              110.1306,
              -7.746915
            ],
            [
              110.1306,
              -7.746914
            ],
            [
              110.130608,
              -7.746864
            ],
            [
              110.130609,
              -7.746861
            ],
            [
              110.130627,
              -7.746735
            ],
            [
              110.13063,
              -7.746706
            ],
            [
              110.130642,
              -7.746607
            ],
            [
              110.130652,
              -7.746502
            ],
            [
              110.130653,
              -7.74649
            ],
            [
              110.130655,
              -7.746478
            ],
            [
              110.130665,
              -7.74635
            ],
            [
              110.130666,
              -7.746336
            ],
            [
              110.130673,
              -7.746221
            ],
            [
              110.130676,
              -7.746175
            ],
            [
              110.130679,
              -7.746123
            ],
            [
              110.13068,
              -7.746092
            ],
            [
              110.130684,
              -7.746016
            ],
            [
              110.130686,
              -7.745963
            ],
            [
              110.13069,
              -7.745847
            ],
            [
              110.13069,
              -7.745834
            ],
            [
              110.130694,
              -7.745704
            ],
            [
              110.130697,
              -7.745575
            ],
            [
              110.1307,
              -7.745446
            ],
            [
              110.130701,
              -7.745317
            ],
            [
              110.130702,
              -7.745188
            ],
            [
              110.130702,
              -7.745106
            ],
            [
              110.130702,
              -7.745058
            ],
            [
              110.130702,
              -7.74501
            ],
            [
              110.130702,
              -7.744935
            ],
            [
              110.130702,
              -7.744929
            ],
            [
              110.130701,
              -7.74486
            ],
            [
              110.1307,
              -7.7448
            ],
            [
              110.1307,
              -7.744788
            ],
            [
              110.130699,
              -7.744709
            ],
            [
              110.130698,
              -7.744671
            ],
            [
              110.130697,
              -7.744617
            ],
            [
              110.130695,
              -7.744541
            ],
            [
              110.130693,
              -7.744489
            ],
            [
              110.130691,
              -7.744412
            ],
            [
              110.130686,
              -7.744283
            ],
            [
              110.130686,
              -7.744264
            ],
            [
              110.130681,
              -7.744154
            ],
            [
              110.130676,
              -7.744052
            ],
            [
              110.130675,
              -7.744025
            ],
            [
              110.130668,
              -7.743896
            ],
            [
              110.130667,
              -7.743881
            ],
            [
              110.130664,
              -7.743845
            ],
            [
              110.13066,
              -7.743767
            ],
            [
              110.130651,
              -7.743638
            ],
            [
              110.130641,
              -7.74351
            ],
            [
              110.130631,
              -7.743381
            ],
            [
              110.130626,
              -7.743323
            ],
            [
              110.13062,
              -7.743252
            ],
            [
              110.13061,
              -7.743144
            ],
            [
              110.130608,
              -7.743124
            ],
            [
              110.130596,
              -7.742995
            ],
            [
              110.130583,
              -7.742866
            ],
            [
              110.130575,
              -7.742793
            ],
            [
              110.130569,
              -7.742738
            ],
            [
              110.130556,
              -7.742619
            ],
            [
              110.130555,
              -7.74261
            ],
            [
              110.13054,
              -7.742481
            ],
            [
              110.130525,
              -7.742353
            ],
            [
              110.130509,
              -7.742224
            ],
            [
              110.130502,
              -7.742166
            ],
            [
              110.130493,
              -7.742096
            ],
            [
              110.13049,
              -7.742074
            ],
            [
              110.130476,
              -7.741968
            ],
            [
              110.130464,
              -7.741875
            ],
            [
              110.130459,
              -7.74184
            ],
            [
              110.13045,
              -7.741766
            ],
            [
              110.130443,
              -7.741711
            ],
            [
              110.130427,
              -7.741583
            ],
            [
              110.130415,
              -7.741478
            ],
            [
              110.130412,
              -7.741455
            ],
            [
              110.1304,
              -7.741334
            ],
            [
              110.1304,
              -7.741331
            ],
            [
              110.1304,
              -7.741181
            ],
            [
              110.1304,
              -7.741031
            ],
            [
              110.130446,
              -7.740621
            ],
            [
              110.130551,
              -7.740731
            ],
            [
              110.130777,
              -7.740731
            ],
            [
              110.130852,
              -7.740731
            ],
            [
              110.131128,
              -7.740757
            ],
            [
              110.131229,
              -7.740807
            ],
            [
              110.131755,
              -7.740808
            ],
            [
              110.131824,
              -7.740795
            ],
            [
              110.131881,
              -7.740783
            ],
            [
              110.131981,
              -7.740734
            ],
            [
              110.131981,
              -7.740659
            ],
            [
              110.132076,
              -7.740659
            ],
            [
              110.132132,
              -7.740659
            ],
            [
              110.132132,
              -7.740584
            ],
            [
              110.132207,
              -7.740584
            ],
            [
              110.132208,
              -7.740509
            ],
            [
              110.132206,
              -7.740486
            ],
            [
              110.13221,
              -7.740484
            ],
            [
              110.132208,
              -7.740469
            ],
            [
              110.132204,
              -7.740445
            ],
            [
              110.132183,
              -7.740084
            ],
            [
              110.132133,
              -7.739983
            ],
            [
              110.132133,
              -7.739908
            ],
            [
              110.132045,
              -7.739847
            ],
            [
              110.131984,
              -7.739608
            ],
            [
              110.131925,
              -7.739608
            ],
            [
              110.131908,
              -7.739572
            ],
            [
              110.131909,
              -7.739082
            ],
            [
              110.13191,
              -7.738857
            ],
            [
              110.13191,
              -7.738632
            ],
            [
              110.131911,
              -7.738407
            ],
            [
              110.131911,
              -7.738332
            ],
            [
              110.131986,
              -7.738332
            ],
            [
              110.131987,
              -7.738031
            ],
            [
              110.131988,
              -7.737656
            ],
            [
              110.132063,
              -7.737656
            ],
            [
              110.132064,
              -7.737206
            ],
            [
              110.132064,
              -7.737056
            ],
            [
              110.13209,
              -7.736931
            ],
            [
              110.13214,
              -7.736831
            ],
            [
              110.13214,
              -7.736606
            ],
            [
              110.132141,
              -7.736455
            ],
            [
              110.132142,
              -7.73563
            ],
            [
              110.132143,
              -7.73548
            ],
            [
              110.132143,
              -7.735255
            ],
            [
              110.132068,
              -7.735254
            ],
            [
              110.132069,
              -7.734879
            ],
            [
              110.131993,
              -7.734879
            ],
            [
              110.131993,
              -7.734804
            ],
            [
              110.131925,
              -7.734537
            ],
            [
              110.131799,
              -7.734272
            ],
            [
              110.131768,
              -7.734208
            ],
            [
              110.131694,
              -7.734053
            ],
            [
              110.131644,
              -7.733952
            ],
            [
              110.131619,
              -7.733827
            ],
            [
              110.131569,
              -7.733727
            ],
            [
              110.131544,
              -7.733602
            ],
            [
              110.131474,
              -7.733602
            ],
            [
              110.131469,
              -7.73359
            ],
            [
              110.131469,
              -7.733527
            ],
            [
              110.131395,
              -7.733226
            ],
            [
              110.131395,
              -7.733151
            ],
            [
              110.13132,
              -7.733151
            ],
            [
              110.13132,
              -7.733001
            ],
            [
              110.131249,
              -7.733001
            ],
            [
              110.131245,
              -7.732989
            ],
            [
              110.131245,
              -7.732851
            ],
            [
              110.13117,
              -7.7327
            ],
            [
              110.131171,
              -7.7324
            ],
            [
              110.131171,
              -7.732325
            ],
            [
              110.131172,
              -7.7318
            ],
            [
              110.131247,
              -7.7318
            ],
            [
              110.131247,
              -7.73165
            ],
            [
              110.131248,
              -7.731274
            ],
            [
              110.131249,
              -7.731049
            ],
            [
              110.131249,
              -7.73088
            ],
            [
              110.131249,
              -7.730674
            ],
            [
              110.131249,
              -7.730669
            ],
            [
              110.13125,
              -7.730524
            ],
            [
              110.13125,
              -7.730299
            ],
            [
              110.131251,
              -7.729998
            ],
            [
              110.131296,
              -7.729818
            ],
            [
              110.131358,
              -7.729279
            ],
            [
              110.131403,
              -7.729248
            ],
            [
              110.131403,
              -7.729098
            ],
            [
              110.131437,
              -7.728756
            ],
            [
              110.13148,
              -7.728422
            ],
            [
              110.131505,
              -7.728298
            ],
            [
              110.131555,
              -7.728197
            ],
            [
              110.131556,
              -7.728122
            ],
            [
              110.131556,
              -7.728047
            ],
            [
              110.131556,
              -7.727897
            ],
            [
              110.131557,
              -7.727447
            ],
            [
              110.131629,
              -7.727114
            ],
            [
              110.131631,
              -7.727086
            ],
            [
              110.131656,
              -7.72675
            ],
            [
              110.131678,
              -7.726462
            ],
            [
              110.131696,
              -7.726209
            ],
            [
              110.13171,
              -7.726021
            ],
            [
              110.13171,
              -7.725968
            ],
            [
              110.13171,
              -7.725946
            ],
            [
              110.131745,
              -7.725946
            ],
            [
              110.131786,
              -7.725946
            ],
            [
              110.131786,
              -7.72592
            ],
            [
              110.131786,
              -7.725721
            ],
            [
              110.131949,
              -7.72532
            ],
            [
              110.132013,
              -7.725271
            ],
            [
              110.132088,
              -7.725121
            ],
            [
              110.132309,
              -7.724741
            ],
            [
              110.13239,
              -7.724671
            ],
            [
              110.132491,
              -7.724471
            ],
            [
              110.132541,
              -7.724446
            ],
            [
              110.132541,
              -7.724371
            ],
            [
              110.132617,
              -7.724371
            ],
            [
              110.132718,
              -7.724172
            ],
            [
              110.132768,
              -7.724147
            ],
            [
              110.132869,
              -7.723947
            ],
            [
              110.132919,
              -7.723922
            ],
            [
              110.132919,
              -7.723847
            ],
            [
              110.132994,
              -7.723847
            ],
            [
              110.132994,
              -7.723772
            ],
            [
              110.133069,
              -7.723772
            ],
            [
              110.13307,
              -7.723697
            ],
            [
              110.133146,
              -7.723547
            ],
            [
              110.133296,
              -7.723472
            ],
            [
              110.133296,
              -7.723397
            ],
            [
              110.133296,
              -7.723322
            ],
            [
              110.133371,
              -7.723322
            ],
            [
              110.133372,
              -7.723247
            ],
            [
              110.133447,
              -7.723247
            ],
            [
              110.133481,
              -7.723081
            ],
            [
              110.133598,
              -7.723022
            ],
            [
              110.133598,
              -7.722872
            ],
            [
              110.133673,
              -7.722872
            ],
            [
              110.133707,
              -7.722706
            ],
            [
              110.133824,
              -7.722647
            ],
            [
              110.133824,
              -7.722572
            ],
            [
              110.133925,
              -7.722373
            ],
            [
              110.133975,
              -7.722347
            ],
            [
              110.133976,
              -7.722272
            ],
            [
              110.134051,
              -7.722122
            ],
            [
              110.134051,
              -7.722047
            ],
            [
              110.134126,
              -7.722048
            ],
            [
              110.134127,
              -7.721897
            ],
            [
              110.134202,
              -7.721898
            ],
            [
              110.134202,
              -7.721823
            ],
            [
              110.134202,
              -7.721747
            ],
            [
              110.134243,
              -7.721748
            ],
            [
              110.134278,
              -7.721748
            ],
            [
              110.13434,
              -7.721509
            ],
            [
              110.134429,
              -7.721448
            ],
            [
              110.134454,
              -7.721248
            ],
            [
              110.134505,
              -7.721148
            ],
            [
              110.134505,
              -7.720997
            ],
            [
              110.134505,
              -7.720922
            ],
            [
              110.134555,
              -7.720822
            ],
            [
              110.134581,
              -7.720697
            ],
            [
              110.134581,
              -7.720576
            ],
            [
              110.134581,
              -7.720472
            ],
            [
              110.134522,
              -7.720121
            ],
            [
              110.134519,
              -7.720104
            ],
            [
              110.134314,
              -7.719763
            ],
            [
              110.134282,
              -7.719646
            ],
            [
              110.134145,
              -7.719551
            ],
            [
              110.133907,
              -7.719195
            ],
            [
              110.133887,
              -7.719195
            ],
            [
              110.133907,
              -7.719137
            ],
            [
              110.133907,
              -7.719137
            ],
            [
              110.133935,
              -7.71903
            ],
            [
              110.133942,
              -7.718998
            ],
            [
              110.133958,
              -7.718921
            ],
            [
              110.133976,
              -7.71881
            ],
            [
              110.133983,
              -7.718752
            ],
            [
              110.133985,
              -7.718735
            ],
            [
              110.133989,
              -7.718697
            ],
            [
              110.133999,
              -7.718581
            ],
            [
              110.134003,
              -7.718519
            ],
            [
              110.134006,
              -7.718464
            ],
            [
              110.134011,
              -7.718345
            ],
            [
              110.134015,
              -7.718224
            ],
            [
              110.134017,
              -7.71813
            ],
            [
              110.134018,
              -7.718102
            ],
            [
              110.134021,
              -7.717979
            ],
            [
              110.134022,
              -7.717855
            ],
            [
              110.134021,
              -7.717733
            ],
            [
              110.134018,
              -7.717668
            ],
            [
              110.134015,
              -7.717612
            ],
            [
              110.134003,
              -7.717494
            ],
            [
              110.133996,
              -7.717456
            ],
            [
              110.133983,
              -7.71738
            ],
            [
              110.133966,
              -7.717317
            ],
            [
              110.133954,
              -7.717271
            ],
            [
              110.133951,
              -7.717265
            ],
            [
              110.133943,
              -7.717243
            ],
            [
              110.133913,
              -7.717168
            ],
            [
              110.133913,
              -7.717168
            ],
            [
              110.133882,
              -7.71711
            ],
            [
              110.133861,
              -7.717071
            ],
            [
              110.13382,
              -7.717018
            ],
            [
              110.133794,
              -7.716983
            ],
            [
              110.133713,
              -7.716903
            ],
            [
              110.133621,
              -7.716832
            ],
            [
              110.133521,
              -7.716771
            ],
            [
              110.133493,
              -7.716758
            ],
            [
              110.133415,
              -7.71672
            ],
            [
              110.133323,
              -7.716686
            ],
            [
              110.133305,
              -7.716679
            ],
            [
              110.133194,
              -7.716648
            ],
            [
              110.133081,
              -7.716625
            ],
            [
              110.132967,
              -7.716609
            ],
            [
              110.132853,
              -7.7166
            ],
            [
              110.132738,
              -7.716596
            ],
            [
              110.132708,
              -7.716595
            ],
            [
              110.132633,
              -7.716595
            ],
            [
              110.132633,
              -7.716565
            ],
            [
              110.132633,
              -7.716415
            ],
            [
              110.132558,
              -7.716415
            ],
            [
              110.132558,
              -7.716114
            ],
            [
              110.132559,
              -7.715983
            ],
            [
              110.132559,
              -7.715814
            ],
            [
              110.132559,
              -7.715589
            ],
            [
              110.132635,
              -7.715589
            ],
            [
              110.132635,
              -7.715426
            ],
            [
              110.132636,
              -7.715139
            ],
            [
              110.132711,
              -7.715139
            ],
            [
              110.132711,
              -7.715091
            ],
            [
              110.132711,
              -7.714989
            ],
            [
              110.132797,
              -7.714708
            ],
            [
              110.13281,
              -7.714663
            ],
            [
              110.133092,
              -7.714305
            ],
            [
              110.133226,
              -7.714007
            ],
            [
              110.133273,
              -7.713903
            ],
            [
              110.133391,
              -7.713639
            ],
            [
              110.133417,
              -7.713439
            ],
            [
              110.133439,
              -7.713395
            ],
            [
              110.133467,
              -7.713339
            ],
            [
              110.133543,
              -7.712889
            ],
            [
              110.133543,
              -7.712814
            ],
            [
              110.133619,
              -7.712814
            ],
            [
              110.13365,
              -7.712469
            ],
            [
              110.133695,
              -7.712289
            ],
            [
              110.133695,
              -7.712213
            ],
            [
              110.133695,
              -7.712063
            ],
            [
              110.133771,
              -7.712064
            ],
            [
              110.133771,
              -7.712013
            ]
          ]
        ]
      }
    },
    {
      "type": "Feature",
      "properties": {
        "OBJECTID": 4,
        "LEFT_FID": 12,
        "RIGHT_FID": 1,
        "Shape_Leng": 0.00263251351
      },
      "geometry": {
        "type": "MultiLineString",
        "coordinates": [
          [
            [
              110.136205,
              -7.712169
            ],
            [
              110.13596,
              -7.712016
            ],
            [
              110.135843,
              -7.71197
            ],
            [
              110.135641,
              -7.711943
            ],
            [
              110.135504,
              -7.711925
            ],
            [
              110.135085,
              -7.711944
            ],
            [
              110.134891,
              -7.71201
            ],
            [
              110.13481,
              -7.71207
            ],
            [
              110.134776,
              -7.712115
            ],
            [
              110.134662,
              -7.712208
            ],
            [
              110.134581,
              -7.712234
            ],
            [
              110.134497,
              -7.712248
            ],
            [
              110.134364,
              -7.71226
            ],
            [
              110.134302,
              -7.712243
            ],
            [
              110.134103,
              -7.712151
            ],
            [
              110.133886,
              -7.712064
            ],
            [
              110.133771,
              -7.712013
            ]
          ]
        ]
      }
    },
    {
      "type": "Feature",
      "properties": {
        "OBJECTID": 5,
        "LEFT_FID": -1,
        "RIGHT_FID": 4,
        "Shape_Leng": 0.0005140679
      },
      "geometry": {
        "type": "MultiLineString",
        "coordinates": [
          [
            [
              110.25,
              -7.70799
            ],
            [
              110.25,
              -7.70799
            ],
            [
              110.25004,
              -7.707978
            ],
            [
              110.250205,
              -7.70793
            ],
            [
              110.250247,
              -7.707917
            ],
            [
              110.250205,
              -7.70793
            ],
            [
              110.25004,
              -7.707978
            ],
            [
              110.25,
              -7.70799
            ]
          ]
        ]
      }
    },
    {
      "type": "Feature",
      "properties": {
        "OBJECTID": 6,
        "LEFT_FID": -1,
        "RIGHT_FID": 4,
        "Shape_Leng": 0.00119590522
      },
      "geometry": {
        "type": "MultiLineString",
        "coordinates": [
          [
            [
              110.250104,
              -7.704971
            ],
            [
              110.250583,
              -7.705081
            ],
            [
              110.250103,
              -7.70497
            ],
            [
              110.250001,
              -7.704947
            ],
            [
              110.25,
              -7.704947
            ],
            [
              110.25,
              -7.704947
            ],
            [
              110.250104,
              -7.704971
            ]
          ]
        ]
      }
    },
    {
      "type": "Feature",
      "properties": {
        "OBJECTID": 7,
        "LEFT_FID": -1,
        "RIGHT_FID": 4,
        "Shape_Leng": 0.00062208175
      },
      "geometry": {
        "type": "MultiLineString",
        "coordinates": [
          [
            [
              110.25,
              -7.701518
            ],
            [
              110.25,
              -7.701518
            ],
            [
              110.250001,
              -7.701518
            ],
            [
              110.250096,
              -7.701461
            ],
            [
              110.250267,
              -7.701359
            ],
            [
              110.250095,
              -7.701461
            ],
            [
              110.250002,
              -7.701517
            ],
            [
              110.25,
              -7.701518
            ]
          ]
        ]
      }
    },
    {
      "type": "Feature",
      "properties": {
        "OBJECTID": 8,
        "LEFT_FID": -1,
        "RIGHT_FID": 4,
        "Shape_Leng": 0.00209809785
      },
      "geometry": {
        "type": "MultiLineString",
        "coordinates": [
          [
            [
              110.250821,
              -7.699826
            ],
            [
              110.25102,
              -7.699874
            ],
            [
              110.250821,
              -7.699826
            ],
            [
              110.250001,
              -7.699628
            ],
            [
              110.25,
              -7.699628
            ],
            [
              110.25,
              -7.699628
            ],
            [
              110.250821,
              -7.699826
            ]
          ]
        ]
      }
    },
    {
      "type": "Feature",
      "properties": {
        "OBJECTID": 9,
        "LEFT_FID": -1,
        "RIGHT_FID": 4,
        "Shape_Leng": 4.52501e-06
      },
      "geometry": {
        "type": "MultiLineString",
        "coordinates": [
          [
            [
              110.25,
              -7.69888
            ],
            [
              110.25,
              -7.698882
            ],
            [
              110.25,
              -7.698882
            ],
            [
              110.250001,
              -7.698882
            ],
            [
              110.25,
              -7.698881
            ],
            [
              110.25,
              -7.69888
            ]
          ]
        ]
      }
    },
    {
      "type": "Feature",
      "properties": {
        "OBJECTID": 10,
        "LEFT_FID": -1,
        "RIGHT_FID": 4,
        "Shape_Leng": 0.00010230152
      },
      "geometry": {
        "type": "MultiLineString",
        "coordinates": [
          [
            [
              110.25,
              -7.694286
            ],
            [
              110.250051,
              -7.694293
            ],
            [
              110.250001,
              -7.694286
            ],
            [
              110.25,
              -7.694286
            ],
            [
              110.25,
              -7.694286
            ]
          ]
        ]
      }
    },
    {
      "type": "Feature",
      "properties": {
        "OBJECTID": 11,
        "LEFT_FID": -1,
        "RIGHT_FID": 4,
        "Shape_Leng": 2.20498e-06
      },
      "geometry": {
        "type": "MultiLineString",
        "coordinates": [
          [
            [
              110.25,
              -7.684473
            ],
            [
              110.25,
              -7.684473
            ],
            [
              110.25,
              -7.684473
            ],
            [
              110.250001,
              -7.684473
            ],
            [
              110.25,
              -7.684473
            ],
            [
              110.25,
              -7.684473
            ]
          ]
        ]
      }
    },
    {
      "type": "Feature",
      "properties": {
        "OBJECTID": 12,
        "LEFT_FID": -1,
        "RIGHT_FID": 4,
        "Shape_Leng": 7.434039e-05
      },
      "geometry": {
        "type": "MultiLineString",
        "coordinates": [
          [
            [
              110.25,
              -7.682387
            ],
            [
              110.25,
              -7.682388
            ],
            [
              110.250001,
              -7.682388
            ],
            [
              110.250037,
              -7.682384
            ],
            [
              110.250001,
              -7.682387
            ],
            [
              110.25,
              -7.682387
            ]
          ]
        ]
      }
    },
    {
      "type": "Feature",
      "properties": {
        "OBJECTID": 13,
        "LEFT_FID": -1,
        "RIGHT_FID": 4,
        "Shape_Leng": 3.07391e-06
      },
      "geometry": {
        "type": "MultiLineString",
        "coordinates": [
          [
            [
              110.25,
              -7.678736
            ],
            [
              110.25,
              -7.678736
            ],
            [
              110.25,
              -7.678736
            ],
            [
              110.250001,
              -7.678735
            ],
            [
              110.25,
              -7.678735
            ],
            [
              110.25,
              -7.678736
            ]
          ]
        ]
      }
    },
    {
      "type": "Feature",
      "properties": {
        "OBJECTID": 14,
        "LEFT_FID": -1,
        "RIGHT_FID": 4,
        "Shape_Leng": 2.94889e-06
      },
      "geometry": {
        "type": "MultiLineString",
        "coordinates": [
          [
            [
              110.25,
              -7.66846
            ],
            [
              110.25,
              -7.66846
            ],
            [
              110.250001,
              -7.668459
            ],
            [
              110.25,
              -7.66846
            ]
          ]
        ]
      }
    },
    {
      "type": "Feature",
      "properties": {
        "OBJECTID": 15,
        "LEFT_FID": 4,
        "RIGHT_FID": 1,
        "Shape_Leng": 0.10802956981
      },
      "geometry": {
        "type": "MultiLineString",
        "coordinates": [
          [
            [
              110.205318,
              -7.651851
            ],
            [
              110.205319,
              -7.651896
            ],
            [
              110.205319,
              -7.651904
            ],
            [
              110.205337,
              -7.652265
            ],
            [
              110.205349,
              -7.652308
            ],
            [
              110.205488,
              -7.652728
            ],
            [
              110.205567,
              -7.652893
            ],
            [
              110.205677,
              -7.652964
            ],
            [
              110.205807,
              -7.653033
            ],
            [
              110.205815,
              -7.653114
            ],
            [
              110.205783,
              -7.653642
            ],
            [
              110.205687,
              -7.653644
            ],
            [
              110.205586,
              -7.653673
            ],
            [
              110.205507,
              -7.653767
            ],
            [
              110.205469,
              -7.653888
            ],
            [
              110.205475,
              -7.654054
            ],
            [
              110.205555,
              -7.654126
            ],
            [
              110.205695,
              -7.654276
            ],
            [
              110.205691,
              -7.654367
            ],
            [
              110.205659,
              -7.654617
            ],
            [
              110.20572,
              -7.654794
            ],
            [
              110.20611,
              -7.654938
            ],
            [
              110.206332,
              -7.655029
            ],
            [
              110.206339,
              -7.655083
            ],
            [
              110.206318,
              -7.655388
            ],
            [
              110.206374,
              -7.655455
            ],
            [
              110.206513,
              -7.655524
            ],
            [
              110.207061,
              -7.655721
            ],
            [
              110.207233,
              -7.655816
            ],
            [
              110.207347,
              -7.655921
            ],
            [
              110.207375,
              -7.656032
            ],
            [
              110.207357,
              -7.656181
            ],
            [
              110.207299,
              -7.656267
            ],
            [
              110.207208,
              -7.656395
            ],
            [
              110.207236,
              -7.656544
            ],
            [
              110.207351,
              -7.656951
            ],
            [
              110.207291,
              -7.65722
            ],
            [
              110.207328,
              -7.6575
            ],
            [
              110.207272,
              -7.657683
            ],
            [
              110.207303,
              -7.657912
            ],
            [
              110.207342,
              -7.657939
            ],
            [
              110.207383,
              -7.657966
            ],
            [
              110.20744,
              -7.658023
            ],
            [
              110.207427,
              -7.658106
            ],
            [
              110.207387,
              -7.658363
            ],
            [
              110.207432,
              -7.65853
            ],
            [
              110.207516,
              -7.658847
            ],
            [
              110.207469,
              -7.659045
            ],
            [
              110.207465,
              -7.659196
            ],
            [
              110.207526,
              -7.659434
            ],
            [
              110.207602,
              -7.659592
            ],
            [
              110.207719,
              -7.659839
            ],
            [
              110.207746,
              -7.660023
            ],
            [
              110.207882,
              -7.660452
            ],
            [
              110.20795,
              -7.660677
            ],
            [
              110.208027,
              -7.660772
            ],
            [
              110.20814,
              -7.660897
            ],
            [
              110.208408,
              -7.661372
            ],
            [
              110.208447,
              -7.661419
            ],
            [
              110.208599,
              -7.66165
            ],
            [
              110.208789,
              -7.662203
            ],
            [
              110.208923,
              -7.662585
            ],
            [
              110.20903,
              -7.662745
            ],
            [
              110.209239,
              -7.663011
            ],
            [
              110.209249,
              -7.663027
            ],
            [
              110.209342,
              -7.663241
            ],
            [
              110.209407,
              -7.663476
            ],
            [
              110.209491,
              -7.663798
            ],
            [
              110.209603,
              -7.664015
            ],
            [
              110.209826,
              -7.664478
            ],
            [
              110.209934,
              -7.664568
            ],
            [
              110.21005,
              -7.664693
            ],
            [
              110.210173,
              -7.664958
            ],
            [
              110.210233,
              -7.665088
            ],
            [
              110.210311,
              -7.665319
            ],
            [
              110.210387,
              -7.665502
            ],
            [
              110.210453,
              -7.665663
            ],
            [
              110.210518,
              -7.665796
            ],
            [
              110.210578,
              -7.66586
            ],
            [
              110.210625,
              -7.665928
            ],
            [
              110.210667,
              -7.666114
            ],
            [
              110.210673,
              -7.666146
            ],
            [
              110.210713,
              -7.666296
            ],
            [
              110.210766,
              -7.666469
            ],
            [
              110.210773,
              -7.66663
            ],
            [
              110.21079,
              -7.66677
            ],
            [
              110.210863,
              -7.666922
            ],
            [
              110.211027,
              -7.667126
            ],
            [
              110.211014,
              -7.667472
            ],
            [
              110.211013,
              -7.667481
            ],
            [
              110.210969,
              -7.667883
            ],
            [
              110.210926,
              -7.668136
            ],
            [
              110.210907,
              -7.668381
            ],
            [
              110.21091,
              -7.668388
            ],
            [
              110.210968,
              -7.668541
            ],
            [
              110.210953,
              -7.668683
            ],
            [
              110.210881,
              -7.66916
            ],
            [
              110.210884,
              -7.669542
            ],
            [
              110.210951,
              -7.66971
            ],
            [
              110.21102,
              -7.669787
            ],
            [
              110.211374,
              -7.670043
            ],
            [
              110.211443,
              -7.670145
            ],
            [
              110.211563,
              -7.670355
            ],
            [
              110.211673,
              -7.670639
            ],
            [
              110.211796,
              -7.670955
            ],
            [
              110.21192,
              -7.671213
            ],
            [
              110.212063,
              -7.671497
            ],
            [
              110.212112,
              -7.671551
            ],
            [
              110.212663,
              -7.672051
            ],
            [
              110.213145,
              -7.672503
            ],
            [
              110.213191,
              -7.672582
            ],
            [
              110.213262,
              -7.672813
            ],
            [
              110.213398,
              -7.673413
            ],
            [
              110.213533,
              -7.673698
            ],
            [
              110.213718,
              -7.674047
            ],
            [
              110.213884,
              -7.674421
            ],
            [
              110.213933,
              -7.674556
            ],
            [
              110.213952,
              -7.674807
            ],
            [
              110.213923,
              -7.674955
            ],
            [
              110.213783,
              -7.675266
            ],
            [
              110.213708,
              -7.675484
            ],
            [
              110.213721,
              -7.675637
            ],
            [
              110.213789,
              -7.67586
            ],
            [
              110.213894,
              -7.676264
            ],
            [
              110.213952,
              -7.676434
            ],
            [
              110.214047,
              -7.676523
            ],
            [
              110.214551,
              -7.676898
            ],
            [
              110.214655,
              -7.676921
            ],
            [
              110.214691,
              -7.676933
            ],
            [
              110.214808,
              -7.676972
            ],
            [
              110.214912,
              -7.677072
            ],
            [
              110.215077,
              -7.677292
            ],
            [
              110.215237,
              -7.677306
            ],
            [
              110.215328,
              -7.67741
            ],
            [
              110.215405,
              -7.677719
            ],
            [
              110.215407,
              -7.677726
            ],
            [
              110.215441,
              -7.677878
            ],
            [
              110.215556,
              -7.678014
            ],
            [
              110.215649,
              -7.678156
            ],
            [
              110.215678,
              -7.678311
            ],
            [
              110.215635,
              -7.678478
            ],
            [
              110.215494,
              -7.67881
            ],
            [
              110.215458,
              -7.678949
            ],
            [
              110.215386,
              -7.679266
            ],
            [
              110.215238,
              -7.679387
            ],
            [
              110.215183,
              -7.67941
            ],
            [
              110.215141,
              -7.679456
            ],
            [
              110.215041,
              -7.67967
            ],
            [
              110.215027,
              -7.679833
            ],
            [
              110.215072,
              -7.680141
            ],
            [
              110.2152,
              -7.681007
            ],
            [
              110.215175,
              -7.68144
            ],
            [
              110.21506,
              -7.681738
            ],
            [
              110.214936,
              -7.681974
            ],
            [
              110.214863,
              -7.682111
            ],
            [
              110.214635,
              -7.682491
            ],
            [
              110.214584,
              -7.682574
            ],
            [
              110.214499,
              -7.682544
            ],
            [
              110.214156,
              -7.682551
            ],
            [
              110.214049,
              -7.682544
            ],
            [
              110.213838,
              -7.682436
            ],
            [
              110.213793,
              -7.682487
            ],
            [
              110.213721,
              -7.682711
            ],
            [
              110.213692,
              -7.682775
            ],
            [
              110.213571,
              -7.682993
            ],
            [
              110.213508,
              -7.683115
            ],
            [
              110.213486,
              -7.683212
            ],
            [
              110.213479,
              -7.683507
            ],
            [
              110.213434,
              -7.683613
            ],
            [
              110.213383,
              -7.683682
            ],
            [
              110.213268,
              -7.683803
            ],
            [
              110.213113,
              -7.683948
            ],
            [
              110.212975,
              -7.684047
            ],
            [
              110.212901,
              -7.684081
            ],
            [
              110.212797,
              -7.684095
            ],
            [
              110.212696,
              -7.684112
            ],
            [
              110.212582,
              -7.684177
            ],
            [
              110.2125,
              -7.684234
            ],
            [
              110.21242,
              -7.684285
            ],
            [
              110.212392,
              -7.684299
            ],
            [
              110.212298,
              -7.684319
            ],
            [
              110.212249,
              -7.68432
            ],
            [
              110.212186,
              -7.684329
            ],
            [
              110.21211,
              -7.68438
            ],
            [
              110.212032,
              -7.684419
            ],
            [
              110.211982,
              -7.684451
            ],
            [
              110.211829,
              -7.684635
            ],
            [
              110.211755,
              -7.684614
            ],
            [
              110.211595,
              -7.684542
            ],
            [
              110.21158,
              -7.684537
            ],
            [
              110.211445,
              -7.684479
            ],
            [
              110.211275,
              -7.684452
            ],
            [
              110.211102,
              -7.684454
            ],
            [
              110.210963,
              -7.684491
            ],
            [
              110.210864,
              -7.68455
            ],
            [
              110.210771,
              -7.6847
            ],
            [
              110.210788,
              -7.684723
            ],
            [
              110.210733,
              -7.684759
            ],
            [
              110.210632,
              -7.684866
            ],
            [
              110.210576,
              -7.684905
            ],
            [
              110.210464,
              -7.684968
            ],
            [
              110.210361,
              -7.684991
            ],
            [
              110.21023,
              -7.685
            ],
            [
              110.210133,
              -7.684997
            ],
            [
              110.210012,
              -7.684987
            ],
            [
              110.209944,
              -7.684989
            ],
            [
              110.209834,
              -7.684992
            ],
            [
              110.209732,
              -7.684988
            ],
            [
              110.209702,
              -7.684987
            ],
            [
              110.209507,
              -7.684996
            ],
            [
              110.209499,
              -7.684998
            ],
            [
              110.209266,
              -7.685031
            ],
            [
              110.20915,
              -7.685097
            ],
            [
              110.209072,
              -7.68519
            ],
            [
              110.209047,
              -7.685251
            ],
            [
              110.208993,
              -7.685339
            ],
            [
              110.208908,
              -7.685458
            ],
            [
              110.208833,
              -7.68556
            ],
            [
              110.208665,
              -7.685793
            ],
            [
              110.208298,
              -7.686267
            ],
            [
              110.208166,
              -7.686393
            ],
            [
              110.20817,
              -7.686424
            ],
            [
              110.208115,
              -7.686493
            ],
            [
              110.207998,
              -7.686614
            ],
            [
              110.207974,
              -7.686669
            ],
            [
              110.207952,
              -7.686726
            ],
            [
              110.207953,
              -7.686805
            ],
            [
              110.208012,
              -7.686963
            ],
            [
              110.20816,
              -7.687699
            ],
            [
              110.208185,
              -7.687969
            ],
            [
              110.208303,
              -7.688321
            ],
            [
              110.208453,
              -7.688597
            ],
            [
              110.208556,
              -7.688714
            ],
            [
              110.208744,
              -7.688908
            ],
            [
              110.209078,
              -7.68924
            ],
            [
              110.209204,
              -7.689287
            ],
            [
              110.209254,
              -7.689342
            ],
            [
              110.209314,
              -7.68951
            ],
            [
              110.209357,
              -7.689731
            ],
            [
              110.209381,
              -7.690173
            ],
            [
              110.209321,
              -7.690255
            ],
            [
              110.209229,
              -7.690384
            ],
            [
              110.20927,
              -7.690477
            ],
            [
              110.209385,
              -7.690702
            ],
            [
              110.209334,
              -7.690882
            ],
            [
              110.209286,
              -7.691075
            ],
            [
              110.209284,
              -7.691112
            ],
            [
              110.209228,
              -7.691669
            ],
            [
              110.209204,
              -7.691901
            ],
            [
              110.208973,
              -7.692564
            ],
            [
              110.208795,
              -7.692703
            ],
            [
              110.208791,
              -7.692715
            ],
            [
              110.208708,
              -7.692931
            ],
            [
              110.208682,
              -7.692995
            ],
            [
              110.20844,
              -7.693588
            ],
            [
              110.208369,
              -7.693743
            ],
            [
              110.20834,
              -7.693997
            ],
            [
              110.208186,
              -7.69433
            ],
            [
              110.208209,
              -7.694634
            ],
            [
              110.208329,
              -7.694761
            ],
            [
              110.208402,
              -7.694797
            ],
            [
              110.208474,
              -7.694865
            ],
            [
              110.208565,
              -7.695031
            ],
            [
              110.208578,
              -7.695065
            ],
            [
              110.208584,
              -7.695376
            ],
            [
              110.208516,
              -7.695568
            ],
            [
              110.208507,
              -7.695584
            ],
            [
              110.208363,
              -7.695833
            ],
            [
              110.208265,
              -7.696006
            ],
            [
              110.208151,
              -7.696214
            ],
            [
              110.208014,
              -7.696392
            ],
            [
              110.207941,
              -7.696486
            ],
            [
              110.207848,
              -7.696631
            ],
            [
              110.207786,
              -7.696715
            ],
            [
              110.207556,
              -7.69711
            ],
            [
              110.207564,
              -7.697237
            ],
            [
              110.207083,
              -7.697768
            ],
            [
              110.206719,
              -7.698469
            ],
            [
              110.206718,
              -7.698622
            ],
            [
              110.206681,
              -7.698784
            ],
            [
              110.206617,
              -7.698873
            ],
            [
              110.206456,
              -7.698993
            ],
            [
              110.206282,
              -7.699083
            ],
            [
              110.206128,
              -7.699204
            ],
            [
              110.205936,
              -7.699458
            ],
            [
              110.205824,
              -7.699639
            ],
            [
              110.20571,
              -7.699864
            ],
            [
              110.205701,
              -7.699982
            ],
            [
              110.205703,
              -7.7
            ],
            [
              110.205732,
              -7.700077
            ],
            [
              110.205848,
              -7.700176
            ],
            [
              110.205949,
              -7.700298
            ],
            [
              110.205956,
              -7.700327
            ],
            [
              110.205993,
              -7.700471
            ],
            [
              110.206058,
              -7.70092
            ],
            [
              110.206086,
              -7.700994
            ],
            [
              110.206181,
              -7.701162
            ],
            [
              110.206218,
              -7.70131
            ],
            [
              110.206217,
              -7.701338
            ],
            [
              110.206207,
              -7.701373
            ],
            [
              110.206222,
              -7.701433
            ],
            [
              110.206246,
              -7.701469
            ],
            [
              110.206432,
              -7.701766
            ],
            [
              110.206589,
              -7.70166
            ],
            [
              110.206709,
              -7.701718
            ],
            [
              110.206965,
              -7.701668
            ],
            [
              110.20721,
              -7.701687
            ],
            [
              110.207403,
              -7.701762
            ],
            [
              110.207451,
              -7.701821
            ],
            [
              110.207629,
              -7.702087
            ],
            [
              110.207643,
              -7.702104
            ],
            [
              110.207715,
              -7.702253
            ],
            [
              110.207749,
              -7.702457
            ],
            [
              110.207721,
              -7.702587
            ],
            [
              110.207727,
              -7.702741
            ],
            [
              110.207764,
              -7.702912
            ],
            [
              110.207827,
              -7.702956
            ],
            [
              110.2081,
              -7.702986
            ],
            [
              110.208217,
              -7.70297
            ],
            [
              110.2083,
              -7.70296
            ],
            [
              110.208358,
              -7.703009
            ],
            [
              110.208452,
              -7.703152
            ],
            [
              110.208526,
              -7.703232
            ],
            [
              110.208722,
              -7.70332
            ],
            [
              110.208966,
              -7.703411
            ],
            [
              110.209174,
              -7.703646
            ],
            [
              110.209296,
              -7.703727
            ],
            [
              110.209489,
              -7.703821
            ],
            [
              110.209652,
              -7.703902
            ],
            [
              110.210056,
              -7.704156
            ],
            [
              110.210194,
              -7.704303
            ],
            [
              110.210196,
              -7.704308
            ],
            [
              110.21031,
              -7.704544
            ],
            [
              110.210313,
              -7.704554
            ],
            [
              110.210365,
              -7.704628
            ],
            [
              110.210554,
              -7.704782
            ],
            [
              110.210721,
              -7.704782
            ],
            [
              110.210836,
              -7.704742
            ],
            [
              110.211047,
              -7.704633
            ],
            [
              110.211054,
              -7.704631
            ],
            [
              110.211182,
              -7.704625
            ],
            [
              110.211312,
              -7.704662
            ],
            [
              110.211463,
              -7.704777
            ],
            [
              110.211475,
              -7.704792
            ],
            [
              110.211587,
              -7.704888
            ],
            [
              110.211717,
              -7.704944
            ],
            [
              110.211936,
              -7.704964
            ],
            [
              110.211942,
              -7.704964
            ],
            [
              110.211971,
              -7.704944
            ],
            [
              110.212061,
              -7.704992
            ],
            [
              110.212143,
              -7.705077
            ],
            [
              110.212314,
              -7.705249
            ],
            [
              110.21232,
              -7.705258
            ],
            [
              110.212476,
              -7.705508
            ],
            [
              110.212667,
              -7.705739
            ],
            [
              110.212737,
              -7.705727
            ],
            [
              110.213022,
              -7.705618
            ],
            [
              110.213479,
              -7.705719
            ],
            [
              110.213591,
              -7.705744
            ],
            [
              110.213616,
              -7.70589
            ],
            [
              110.213616,
              -7.706126
            ],
            [
              110.213599,
              -7.706186
            ],
            [
              110.213743,
              -7.706249
            ],
            [
              110.214115,
              -7.706323
            ],
            [
              110.214297,
              -7.706395
            ],
            [
              110.214536,
              -7.706538
            ],
            [
              110.214541,
              -7.706541
            ],
            [
              110.214551,
              -7.706547
            ],
            [
              110.214642,
              -7.706654
            ],
            [
              110.214696,
              -7.706714
            ],
            [
              110.214737,
              -7.707142
            ],
            [
              110.214713,
              -7.707591
            ],
            [
              110.214644,
              -7.707988
            ],
            [
              110.214524,
              -7.708801
            ],
            [
              110.214344,
              -7.710049
            ],
            [
              110.213921,
              -7.711391
            ],
            [
              110.213396,
              -7.712391
            ],
            [
              110.212747,
              -7.713245
            ],
            [
              110.211973,
              -7.714107
            ],
            [
              110.211153,
              -7.71498
            ],
            [
              110.210418,
              -7.715777
            ],
            [
              110.209708,
              -7.716529
            ],
            [
              110.20884,
              -7.717229
            ],
            [
              110.207947,
              -7.717781
            ],
            [
              110.20694,
              -7.718245
            ],
            [
              110.20652,
              -7.718479
            ],
            [
              110.206059,
              -7.718683
            ],
            [
              110.205608,
              -7.71878
            ],
            [
              110.205052,
              -7.718863
            ],
            [
              110.204593,
              -7.719057
            ],
            [
              110.204526,
              -7.719025
            ],
            [
              110.203853,
              -7.718709
            ],
            [
              110.20368,
              -7.718658
            ],
            [
              110.203543,
              -7.718617
            ],
            [
              110.203487,
              -7.718622
            ],
            [
              110.203334,
              -7.718635
            ],
            [
              110.202902,
              -7.718637
            ],
            [
              110.202642,
              -7.718602
            ],
            [
              110.202446,
              -7.718563
            ],
            [
              110.202262,
              -7.718537
            ],
            [
              110.202036,
              -7.718427
            ],
            [
              110.201874,
              -7.718379
            ],
            [
              110.201582,
              -7.718283
            ],
            [
              110.201322,
              -7.718179
            ],
            [
              110.201169,
              -7.71813
            ],
            [
              110.20104,
              -7.71809
            ],
            [
              110.200807,
              -7.718008
            ],
            [
              110.200645,
              -7.717944
            ],
            [
              110.20056,
              -7.717913
            ],
            [
              110.200457,
              -7.717878
            ],
            [
              110.200387,
              -7.717863
            ],
            [
              110.200158,
              -7.717728
            ],
            [
              110.200078,
              -7.717642
            ],
            [
              110.199867,
              -7.717426
            ],
            [
              110.199795,
              -7.717333
            ],
            [
              110.199728,
              -7.717211
            ],
            [
              110.19972,
              -7.717196
            ],
            [
              110.199656,
              -7.717065
            ],
            [
              110.199546,
              -7.716943
            ],
            [
              110.199542,
              -7.716938
            ],
            [
              110.199457,
              -7.716781
            ],
            [
              110.199373,
              -7.716596
            ],
            [
              110.199365,
              -7.716577
            ],
            [
              110.199341,
              -7.716532
            ],
            [
              110.198924,
              -7.71649
            ],
            [
              110.198264,
              -7.71637
            ],
            [
              110.197779,
              -7.716431
            ],
            [
              110.197402,
              -7.716731
            ],
            [
              110.197044,
              -7.717132
            ],
            [
              110.196659,
              -7.717758
            ],
            [
              110.196347,
              -7.718678
            ],
            [
              110.196116,
              -7.719067
            ],
            [
              110.195817,
              -7.719382
            ],
            [
              110.195364,
              -7.719529
            ],
            [
              110.194739,
              -7.719611
            ],
            [
              110.194006,
              -7.719627
            ],
            [
              110.193076,
              -7.719457
            ],
            [
              110.192891,
              -7.719318
            ],
            [
              110.192591,
              -7.719237
            ],
            [
              110.192175,
              -7.7192
            ],
            [
              110.191418,
              -7.719161
            ],
            [
              110.190712,
              -7.719068
            ],
            [
              110.190447,
              -7.719113
            ],
            [
              110.190186,
              -7.719257
            ],
            [
              110.189952,
              -7.719461
            ],
            [
              110.189735,
              -7.71978
            ]
          ]
        ]
      }
    },
    {
      "type": "Feature",
      "properties": {
        "OBJECTID": 16,
        "LEFT_FID": -1,
        "RIGHT_FID": 1,
        "Shape_Leng": 0.01558238615
      },
      "geometry": {
        "type": "MultiLineString",
        "coordinates": [
          [
            [
              110.192767,
              -7.645498
            ],
            [
              110.192817,
              -7.645597
            ],
            [
              110.192967,
              -7.645673
            ],
            [
              110.193042,
              -7.645823
            ],
            [
              110.193142,
              -7.645874
            ],
            [
              110.193192,
              -7.645973
            ],
            [
              110.193268,
              -7.645974
            ],
            [
              110.193267,
              -7.646049
            ],
            [
              110.193343,
              -7.646049
            ],
            [
              110.193343,
              -7.646124
            ],
            [
              110.193418,
              -7.646124
            ],
            [
              110.193418,
              -7.646199
            ],
            [
              110.193568,
              -7.646199
            ],
            [
              110.193568,
              -7.646274
            ],
            [
              110.193643,
              -7.646275
            ],
            [
              110.193643,
              -7.64635
            ],
            [
              110.193956,
              -7.64656
            ],
            [
              110.194019,
              -7.646651
            ],
            [
              110.194197,
              -7.646774
            ],
            [
              110.194319,
              -7.646951
            ],
            [
              110.194662,
              -7.64721
            ],
            [
              110.194695,
              -7.647252
            ],
            [
              110.19477,
              -7.647252
            ],
            [
              110.19477,
              -7.647328
            ],
            [
              110.19504,
              -7.647513
            ],
            [
              110.195496,
              -7.647879
            ],
            [
              110.195596,
              -7.648005
            ],
            [
              110.195727,
              -7.648041
            ],
            [
              110.196014,
              -7.648263
            ],
            [
              110.196047,
              -7.648306
            ],
            [
              110.196122,
              -7.648306
            ],
            [
              110.196122,
              -7.648381
            ],
            [
              110.196199,
              -7.648406
            ],
            [
              110.196236,
              -7.648418
            ],
            [
              110.196433,
              -7.648538
            ],
            [
              110.196797,
              -7.648759
            ],
            [
              110.197196,
              -7.648968
            ],
            [
              110.1977,
              -7.649232
            ],
            [
              110.198201,
              -7.649494
            ],
            [
              110.198377,
              -7.649586
            ],
            [
              110.198452,
              -7.649586
            ],
            [
              110.198452,
              -7.649661
            ],
            [
              110.198577,
              -7.649687
            ],
            [
              110.198979,
              -7.649888
            ],
            [
              110.199271,
              -7.650034
            ],
            [
              110.199279,
              -7.650038
            ],
            [
              110.199354,
              -7.650038
            ],
            [
              110.199354,
              -7.650113
            ],
            [
              110.199505,
              -7.650114
            ],
            [
              110.199505,
              -7.650189
            ],
            [
              110.19958,
              -7.650189
            ],
            [
              110.199655,
              -7.650189
            ],
            [
              110.199655,
              -7.650264
            ],
            [
              110.19973,
              -7.650264
            ],
            [
              110.199805,
              -7.650264
            ],
            [
              110.199805,
              -7.650313
            ],
            [
              110.199805,
              -7.650339
            ],
            [
              110.200006,
              -7.650365
            ],
            [
              110.200106,
              -7.650415
            ],
            [
              110.200181,
              -7.650415
            ],
            [
              110.200181,
              -7.65049
            ],
            [
              110.200332,
              -7.650491
            ],
            [
              110.200407,
              -7.650491
            ],
            [
              110.200407,
              -7.650566
            ],
            [
              110.200557,
              -7.650566
            ],
            [
              110.200775,
              -7.650654
            ],
            [
              110.200825,
              -7.650674
            ],
            [
              110.200858,
              -7.650717
            ],
            [
              110.200933,
              -7.650717
            ],
            [
              110.200948,
              -7.650721
            ],
            [
              110.201234,
              -7.650792
            ],
            [
              110.201309,
              -7.650793
            ],
            [
              110.201309,
              -7.650868
            ],
            [
              110.201535,
              -7.650868
            ],
            [
              110.20161,
              -7.650868
            ],
            [
              110.20161,
              -7.650943
            ],
            [
              110.20176,
              -7.650944
            ],
            [
              110.201836,
              -7.650944
            ],
            [
              110.201836,
              -7.651019
            ],
            [
              110.202131,
              -7.651069
            ],
            [
              110.20262,
              -7.651213
            ],
            [
              110.202888,
              -7.651246
            ],
            [
              110.202989,
              -7.651296
            ],
            [
              110.20339,
              -7.651347
            ],
            [
              110.203415,
              -7.651397
            ],
            [
              110.204092,
              -7.651398
            ],
            [
              110.204393,
              -7.651399
            ],
            [
              110.204457,
              -7.651415
            ],
            [
              110.204632,
              -7.651461
            ],
            [
              110.204694,
              -7.65155
            ],
            [
              110.204769,
              -7.65155
            ],
            [
              110.204844,
              -7.65155
            ],
            [
              110.204844,
              -7.651625
            ],
            [
              110.204919,
              -7.651625
            ],
            [
              110.204994,
              -7.651625
            ],
            [
              110.204994,
              -7.6517
            ],
            [
              110.205012,
              -7.651704
            ],
            [
              110.205161,
              -7.651734
            ],
            [
              110.20522,
              -7.651851
            ],
            [
              110.205295,
              -7.651851
            ],
            [
              110.205318,
              -7.651851
            ]
          ]
        ]
      }
    },
    {
      "type": "Feature",
      "properties": {
        "OBJECTID": 17,
        "LEFT_FID": -1,
        "RIGHT_FID": 1,
        "Shape_Leng": 0.18500001373
      },
      "geometry": {
        "type": "MultiLineString",
        "coordinates": [
          [
            [
              110.133771,
              -7.712013
            ],
            [
              110.133771,
              -7.711838
            ],
            [
              110.133773,
              -7.711088
            ],
            [
              110.133702,
              -7.711033
            ],
            [
              110.133623,
              -7.710562
            ],
            [
              110.133587,
              -7.710491
            ],
            [
              110.133548,
              -7.710412
            ],
            [
              110.133549,
              -7.710111
            ],
            [
              110.133585,
              -7.709717
            ],
            [
              110.133776,
              -7.709586
            ],
            [
              110.133826,
              -7.709486
            ],
            [
              110.133851,
              -7.709361
            ],
            [
              110.133872,
              -7.709335
            ],
            [
              110.134187,
              -7.708945
            ],
            [
              110.134228,
              -7.708912
            ],
            [
              110.134229,
              -7.708762
            ],
            [
              110.134229,
              -7.708687
            ],
            [
              110.134304,
              -7.708687
            ],
            [
              110.134304,
              -7.708612
            ],
            [
              110.13432,
              -7.708363
            ],
            [
              110.134336,
              -7.708117
            ],
            [
              110.134381,
              -7.707936
            ],
            [
              110.134387,
              -7.707877
            ],
            [
              110.134422,
              -7.70753
            ],
            [
              110.134792,
              -7.70707
            ],
            [
              110.134834,
              -7.707036
            ],
            [
              110.134884,
              -7.706643
            ],
            [
              110.135211,
              -7.706587
            ],
            [
              110.135288,
              -7.706437
            ],
            [
              110.135438,
              -7.706362
            ],
            [
              110.135438,
              -7.706287
            ],
            [
              110.135513,
              -7.706287
            ],
            [
              110.135589,
              -7.706138
            ],
            [
              110.135739,
              -7.706062
            ],
            [
              110.13574,
              -7.705912
            ],
            [
              110.135539,
              -7.705812
            ],
            [
              110.135514,
              -7.705762
            ],
            [
              110.135439,
              -7.705762
            ],
            [
              110.135439,
              -7.705687
            ],
            [
              110.135286,
              -7.705646
            ],
            [
              110.135176,
              -7.705538
            ],
            [
              110.135112,
              -7.705212
            ],
            [
              110.13529,
              -7.705086
            ],
            [
              110.135265,
              -7.704961
            ],
            [
              110.135215,
              -7.70486
            ],
            [
              110.135064,
              -7.70486
            ],
            [
              110.135065,
              -7.704785
            ],
            [
              110.134811,
              -7.704745
            ],
            [
              110.134764,
              -7.704559
            ],
            [
              110.134689,
              -7.704559
            ],
            [
              110.134689,
              -7.704259
            ],
            [
              110.134586,
              -7.704189
            ],
            [
              110.134567,
              -7.704118
            ],
            [
              110.134566,
              -7.704119
            ],
            [
              110.134564,
              -7.704117
            ],
            [
              110.134519,
              -7.704145
            ],
            [
              110.134464,
              -7.704108
            ],
            [
              110.134363,
              -7.704158
            ],
            [
              110.134238,
              -7.704183
            ],
            [
              110.134238,
              -7.704258
            ],
            [
              110.134163,
              -7.704258
            ],
            [
              110.133996,
              -7.704224
            ],
            [
              110.133937,
              -7.704107
            ],
            [
              110.133862,
              -7.704107
            ],
            [
              110.133636,
              -7.704107
            ],
            [
              110.133561,
              -7.704106
            ],
            [
              110.133561,
              -7.704031
            ],
            [
              110.133444,
              -7.704008
            ],
            [
              110.133436,
              -7.704006
            ],
            [
              110.133185,
              -7.703881
            ],
            [
              110.132885,
              -7.703655
            ],
            [
              110.132759,
              -7.70368
            ],
            [
              110.132508,
              -7.703804
            ],
            [
              110.132508,
              -7.703879
            ],
            [
              110.132433,
              -7.703879
            ],
            [
              110.132357,
              -7.703879
            ],
            [
              110.132358,
              -7.703804
            ],
            [
              110.132002,
              -7.703803
            ],
            [
              110.131981,
              -7.703778
            ],
            [
              110.131982,
              -7.703428
            ],
            [
              110.131932,
              -7.703327
            ],
            [
              110.131901,
              -7.702933
            ],
            [
              110.131905,
              -7.702916
            ],
            [
              110.131899,
              -7.702898
            ],
            [
              110.131883,
              -7.702702
            ],
            [
              110.131833,
              -7.702602
            ],
            [
              110.131763,
              -7.702602
            ],
            [
              110.131758,
              -7.702595
            ],
            [
              110.131758,
              -7.702526
            ],
            [
              110.131758,
              -7.702451
            ],
            [
              110.131683,
              -7.702451
            ],
            [
              110.131683,
              -7.702376
            ],
            [
              110.131583,
              -7.702326
            ],
            [
              110.131545,
              -7.70225
            ],
            [
              110.131533,
              -7.702226
            ],
            [
              110.131462,
              -7.702226
            ],
            [
              110.131458,
              -7.702222
            ],
            [
              110.131458,
              -7.702151
            ],
            [
              110.131408,
              -7.702125
            ],
            [
              110.131308,
              -7.701925
            ],
            [
              110.131012,
              -7.701842
            ],
            [
              110.130989,
              -7.701828
            ],
            [
              110.130978,
              -7.70182
            ],
            [
              110.130933,
              -7.701549
            ],
            [
              110.130933,
              -7.701474
            ],
            [
              110.130933,
              -7.701399
            ],
            [
              110.131008,
              -7.701399
            ],
            [
              110.131008,
              -7.701261
            ],
            [
              110.131017,
              -7.701249
            ],
            [
              110.131084,
              -7.701249
            ],
            [
              110.131084,
              -7.701174
            ],
            [
              110.131159,
              -7.701174
            ],
            [
              110.131159,
              -7.701099
            ],
            [
              110.131159,
              -7.701024
            ],
            [
              110.131235,
              -7.701024
            ],
            [
              110.131235,
              -7.700799
            ],
            [
              110.131253,
              -7.7006
            ],
            [
              110.131291,
              -7.700564
            ],
            [
              110.131374,
              -7.700483
            ],
            [
              110.131457,
              -7.700401
            ],
            [
              110.131539,
              -7.700319
            ],
            [
              110.13162,
              -7.700237
            ],
            [
              110.131702,
              -7.700154
            ],
            [
              110.131783,
              -7.700071
            ],
            [
              110.131865,
              -7.699989
            ],
            [
              110.131948,
              -7.699907
            ],
            [
              110.132032,
              -7.699826
            ],
            [
              110.132116,
              -7.699746
            ],
            [
              110.132202,
              -7.699667
            ],
            [
              110.132289,
              -7.699589
            ],
            [
              110.132377,
              -7.699512
            ],
            [
              110.132465,
              -7.699435
            ],
            [
              110.132552,
              -7.699357
            ],
            [
              110.132639,
              -7.699279
            ],
            [
              110.132674,
              -7.699246
            ],
            [
              110.132724,
              -7.6992
            ],
            [
              110.132808,
              -7.69912
            ],
            [
              110.132925,
              -7.698957
            ],
            [
              110.133149,
              -7.698643
            ],
            [
              110.1332,
              -7.698573
            ],
            [
              110.133255,
              -7.698496
            ],
            [
              110.133262,
              -7.698485
            ],
            [
              110.133363,
              -7.698344
            ],
            [
              110.133366,
              -7.698341
            ],
            [
              110.133387,
              -7.69831
            ],
            [
              110.133422,
              -7.698272
            ],
            [
              110.133441,
              -7.698251
            ],
            [
              110.133685,
              -7.697983
            ],
            [
              110.133741,
              -7.697917
            ],
            [
              110.13375,
              -7.697907
            ],
            [
              110.133799,
              -7.697852
            ],
            [
              110.133859,
              -7.697789
            ],
            [
              110.133921,
              -7.697728
            ],
            [
              110.133985,
              -7.697669
            ],
            [
              110.13405,
              -7.697611
            ],
            [
              110.134111,
              -7.697561
            ],
            [
              110.134157,
              -7.697558
            ],
            [
              110.134271,
              -7.697446
            ],
            [
              110.134402,
              -7.697428
            ],
            [
              110.134402,
              -7.697353
            ],
            [
              110.134478,
              -7.697353
            ],
            [
              110.134478,
              -7.697302
            ],
            [
              110.134518,
              -7.697278
            ],
            [
              110.134553,
              -7.697278
            ],
            [
              110.134553,
              -7.697256
            ],
            [
              110.134554,
              -7.697256
            ],
            [
              110.134628,
              -7.697213
            ],
            [
              110.134631,
              -7.697212
            ],
            [
              110.134709,
              -7.697169
            ],
            [
              110.134789,
              -7.697129
            ],
            [
              110.134869,
              -7.697089
            ],
            [
              110.134951,
              -7.697051
            ],
            [
              110.134983,
              -7.697037
            ],
            [
              110.135033,
              -7.697015
            ],
            [
              110.135116,
              -7.69698
            ],
            [
              110.1352,
              -7.696947
            ],
            [
              110.135285,
              -7.696915
            ],
            [
              110.13537,
              -7.696885
            ],
            [
              110.135455,
              -7.696856
            ],
            [
              110.135541,
              -7.696828
            ],
            [
              110.135627,
              -7.696802
            ],
            [
              110.135714,
              -7.696777
            ],
            [
              110.135748,
              -7.696768
            ],
            [
              110.1358,
              -7.696754
            ],
            [
              110.135887,
              -7.696732
            ],
            [
              110.135974,
              -7.696711
            ],
            [
              110.136061,
              -7.69669
            ],
            [
              110.136147,
              -7.69667
            ],
            [
              110.136233,
              -7.696649
            ],
            [
              110.136318,
              -7.696627
            ],
            [
              110.136402,
              -7.696603
            ],
            [
              110.136485,
              -7.696578
            ],
            [
              110.136567,
              -7.696551
            ],
            [
              110.136647,
              -7.69652
            ],
            [
              110.136726,
              -7.696487
            ],
            [
              110.136804,
              -7.696449
            ],
            [
              110.136879,
              -7.696408
            ],
            [
              110.136917,
              -7.696386
            ],
            [
              110.136954,
              -7.696365
            ],
            [
              110.137028,
              -7.696319
            ],
            [
              110.137102,
              -7.696273
            ],
            [
              110.137177,
              -7.696228
            ],
            [
              110.137253,
              -7.696184
            ],
            [
              110.137332,
              -7.696143
            ],
            [
              110.137413,
              -7.696105
            ],
            [
              110.137496,
              -7.696071
            ],
            [
              110.137581,
              -7.69604
            ],
            [
              110.137665,
              -7.696008
            ],
            [
              110.137746,
              -7.695974
            ],
            [
              110.137824,
              -7.695936
            ],
            [
              110.137896,
              -7.695893
            ],
            [
              110.137897,
              -7.695893
            ],
            [
              110.137898,
              -7.695891
            ],
            [
              110.137962,
              -7.695841
            ],
            [
              110.137995,
              -7.695805
            ],
            [
              110.138019,
              -7.695779
            ],
            [
              110.13807,
              -7.695711
            ],
            [
              110.138115,
              -7.695636
            ],
            [
              110.138157,
              -7.695558
            ],
            [
              110.138197,
              -7.695477
            ],
            [
              110.138237,
              -7.695395
            ],
            [
              110.138277,
              -7.695315
            ],
            [
              110.138319,
              -7.695237
            ],
            [
              110.138352,
              -7.695177
            ],
            [
              110.138361,
              -7.69516
            ],
            [
              110.138447,
              -7.694753
            ],
            [
              110.138457,
              -7.694706
            ],
            [
              110.138508,
              -7.694465
            ],
            [
              110.138443,
              -7.694266
            ],
            [
              110.138419,
              -7.694194
            ],
            [
              110.138366,
              -7.69403
            ],
            [
              110.138315,
              -7.693874
            ],
            [
              110.138255,
              -7.693779
            ],
            [
              110.13819,
              -7.693688
            ],
            [
              110.138121,
              -7.6936
            ],
            [
              110.138114,
              -7.693592
            ],
            [
              110.137947,
              -7.693231
            ],
            [
              110.137947,
              -7.693223
            ],
            [
              110.137948,
              -7.693081
            ],
            [
              110.137863,
              -7.693016
            ],
            [
              110.137798,
              -7.69263
            ],
            [
              110.137723,
              -7.69263
            ],
            [
              110.137723,
              -7.69248
            ],
            [
              110.137723,
              -7.692405
            ],
            [
              110.137648,
              -7.692405
            ],
            [
              110.137648,
              -7.692255
            ],
            [
              110.137648,
              -7.692251
            ],
            [
              110.137649,
              -7.69218
            ],
            [
              110.137573,
              -7.69218
            ],
            [
              110.137573,
              -7.692105
            ],
            [
              110.137574,
              -7.692029
            ],
            [
              110.137498,
              -7.692029
            ],
            [
              110.137498,
              -7.691954
            ],
            [
              110.137473,
              -7.691829
            ],
            [
              110.137349,
              -7.691579
            ],
            [
              110.137273,
              -7.691578
            ],
            [
              110.137274,
              -7.691503
            ],
            [
              110.137274,
              -7.691428
            ],
            [
              110.137166,
              -7.691335
            ],
            [
              110.137125,
              -7.690828
            ],
            [
              110.137049,
              -7.690827
            ],
            [
              110.137049,
              -7.690804
            ],
            [
              110.137049,
              -7.690752
            ],
            [
              110.137007,
              -7.69072
            ],
            [
              110.136799,
              -7.69045
            ],
            [
              110.136674,
              -7.690226
            ],
            [
              110.136525,
              -7.69015
            ],
            [
              110.136449,
              -7.690001
            ],
            [
              110.136374,
              -7.69
            ],
            [
              110.136374,
              -7.68985
            ],
            [
              110.136299,
              -7.68985
            ],
            [
              110.136299,
              -7.6897
            ],
            [
              110.13645,
              -7.6894
            ],
            [
              110.1364,
              -7.6893
            ],
            [
              110.136376,
              -7.6891
            ],
            [
              110.136376,
              -7.689025
            ],
            [
              110.136376,
              -7.688949
            ],
            [
              110.136451,
              -7.68895
            ],
            [
              110.136451,
              -7.688875
            ],
            [
              110.136452,
              -7.688724
            ],
            [
              110.136377,
              -7.688424
            ],
            [
              110.136285,
              -7.688377
            ],
            [
              110.136277,
              -7.688373
            ],
            [
              110.136179,
              -7.688178
            ],
            [
              110.136152,
              -7.688123
            ],
            [
              110.136077,
              -7.688123
            ],
            [
              110.136077,
              -7.688048
            ],
            [
              110.136001,
              -7.688048
            ],
            [
              110.136002,
              -7.687973
            ],
            [
              110.135824,
              -7.68785
            ],
            [
              110.135701,
              -7.687672
            ],
            [
              110.135626,
              -7.687672
            ],
            [
              110.135626,
              -7.687597
            ],
            [
              110.135551,
              -7.687597
            ],
            [
              110.135551,
              -7.687522
            ],
            [
              110.135551,
              -7.687447
            ],
            [
              110.135476,
              -7.687446
            ],
            [
              110.135476,
              -7.687371
            ],
            [
              110.135476,
              -7.687308
            ],
            [
              110.135476,
              -7.687296
            ],
            [
              110.135401,
              -7.687296
            ],
            [
              110.135401,
              -7.687221
            ],
            [
              110.135326,
              -7.687221
            ],
            [
              110.135326,
              -7.687146
            ],
            [
              110.135251,
              -7.687146
            ],
            [
              110.135102,
              -7.687071
            ],
            [
              110.135051,
              -7.687045
            ],
            [
              110.135025,
              -7.686995
            ],
            [
              110.1349,
              -7.68697
            ],
            [
              110.134499,
              -7.686769
            ],
            [
              110.134424,
              -7.686769
            ],
            [
              110.134424,
              -7.686761
            ],
            [
              110.134424,
              -7.686694
            ],
            [
              110.134349,
              -7.686694
            ],
            [
              110.134349,
              -7.686618
            ],
            [
              110.134274,
              -7.686618
            ],
            [
              110.134274,
              -7.686543
            ],
            [
              110.134199,
              -7.686543
            ],
            [
              110.134199,
              -7.686468
            ],
            [
              110.134124,
              -7.686468
            ],
            [
              110.134124,
              -7.686393
            ],
            [
              110.134048,
              -7.686393
            ],
            [
              110.134049,
              -7.686318
            ],
            [
              110.133973,
              -7.686317
            ],
            [
              110.133973,
              -7.686242
            ],
            [
              110.133898,
              -7.686242
            ],
            [
              110.133845,
              -7.686242
            ],
            [
              110.133823,
              -7.686242
            ],
            [
              110.133823,
              -7.686167
            ],
            [
              110.133623,
              -7.686066
            ],
            [
              110.133598,
              -7.686016
            ],
            [
              110.133522,
              -7.686016
            ],
            [
              110.133523,
              -7.685941
            ],
            [
              110.133447,
              -7.685941
            ],
            [
              110.133448,
              -7.685866
            ],
            [
              110.133372,
              -7.685866
            ],
            [
              110.133372,
              -7.685791
            ],
            [
              110.133222,
              -7.685715
            ],
            [
              110.133147,
              -7.685715
            ],
            [
              110.133147,
              -7.68564
            ],
            [
              110.132757,
              -7.685328
            ],
            [
              110.132697,
              -7.685114
            ],
            [
              110.13254,
              -7.685005
            ],
            [
              110.132472,
              -7.684738
            ],
            [
              110.132355,
              -7.684679
            ],
            [
              110.132322,
              -7.684513
            ],
            [
              110.132246,
              -7.684512
            ],
            [
              110.132247,
              -7.684362
            ],
            [
              110.132171,
              -7.684362
            ],
            [
              110.132172,
              -7.684287
            ],
            [
              110.132097,
              -7.684137
            ],
            [
              110.132021,
              -7.684137
            ],
            [
              110.132022,
              -7.684062
            ],
            [
              110.131946,
              -7.684061
            ],
            [
              110.131946,
              -7.683986
            ],
            [
              110.131871,
              -7.683986
            ],
            [
              110.131871,
              -7.683911
            ],
            [
              110.131796,
              -7.683911
            ],
            [
              110.131796,
              -7.683836
            ],
            [
              110.131721,
              -7.683836
            ],
            [
              110.131646,
              -7.683836
            ],
            [
              110.131646,
              -7.683761
            ],
            [
              110.131571,
              -7.68376
            ],
            [
              110.131571,
              -7.683685
            ],
            [
              110.131446,
              -7.68366
            ],
            [
              110.131345,
              -7.68361
            ],
            [
              110.13122,
              -7.683584
            ],
            [
              110.13112,
              -7.683534
            ],
            [
              110.131044,
              -7.683534
            ],
            [
              110.131045,
              -7.683459
            ],
            [
              110.130969,
              -7.683459
            ],
            [
              110.130819,
              -7.683459
            ],
            [
              110.130819,
              -7.683384
            ],
            [
              110.130744,
              -7.683383
            ],
            [
              110.130593,
              -7.683383
            ],
            [
              110.130593,
              -7.683308
            ],
            [
              110.130368,
              -7.683308
            ],
            [
              110.130368,
              -7.683233
            ],
            [
              110.130293,
              -7.683232
            ],
            [
              110.130217,
              -7.683232
            ],
            [
              110.130217,
              -7.683307
            ],
            [
              110.130067,
              -7.683307
            ],
            [
              110.130067,
              -7.683382
            ],
            [
              110.129991,
              -7.683382
            ],
            [
              110.129465,
              -7.683381
            ],
            [
              110.129465,
              -7.683306
            ],
            [
              110.129306,
              -7.683265
            ],
            [
              110.129225,
              -7.683244
            ],
            [
              110.129197,
              -7.683203
            ],
            [
              110.129164,
              -7.683155
            ],
            [
              110.129144,
              -7.683155
            ],
            [
              110.129089,
              -7.683155
            ],
            [
              110.129089,
              -7.68308
            ],
            [
              110.129014,
              -7.68308
            ],
            [
              110.129014,
              -7.683005
            ],
            [
              110.128864,
              -7.682929
            ],
            [
              110.128789,
              -7.682779
            ],
            [
              110.128713,
              -7.682779
            ],
            [
              110.128638,
              -7.682779
            ],
            [
              110.128606,
              -7.682779
            ],
            [
              110.128563,
              -7.682779
            ],
            [
              110.128488,
              -7.682778
            ],
            [
              110.128111,
              -7.682778
            ],
            [
              110.127886,
              -7.682777
            ],
            [
              110.12766,
              -7.682777
            ],
            [
              110.127585,
              -7.682777
            ],
            [
              110.127509,
              -7.682776
            ],
            [
              110.12751,
              -7.682701
            ],
            [
              110.127359,
              -7.682701
            ],
            [
              110.127359,
              -7.682626
            ],
            [
              110.127193,
              -7.682592
            ],
            [
              110.127134,
              -7.682475
            ],
            [
              110.127059,
              -7.682475
            ],
            [
              110.126959,
              -7.682425
            ],
            [
              110.126908,
              -7.682325
            ],
            [
              110.126886,
              -7.682313
            ],
            [
              110.126792,
              -7.682266
            ],
            [
              110.126758,
              -7.682099
            ],
            [
              110.126683,
              -7.682099
            ],
            [
              110.126683,
              -7.682024
            ],
            [
              110.126684,
              -7.681799
            ],
            [
              110.126609,
              -7.681799
            ],
            [
              110.126609,
              -7.681499
            ],
            [
              110.126534,
              -7.681498
            ],
            [
              110.126534,
              -7.681273
            ],
            [
              110.126535,
              -7.681198
            ],
            [
              110.126517,
              -7.681186
            ],
            [
              110.12649,
              -7.681167
            ],
            [
              110.126385,
              -7.680747
            ],
            [
              110.126385,
              -7.680699
            ],
            [
              110.126385,
              -7.680672
            ],
            [
              110.126375,
              -7.680672
            ],
            [
              110.12631,
              -7.680672
            ],
            [
              110.12631,
              -7.680597
            ],
            [
              110.12631,
              -7.680592
            ],
            [
              110.12631,
              -7.680522
            ],
            [
              110.126254,
              -7.680522
            ],
            [
              110.126235,
              -7.680522
            ],
            [
              110.126235,
              -7.680489
            ],
            [
              110.126237,
              -7.679703
            ],
            [
              110.126242,
              -7.679696
            ],
            [
              110.126312,
              -7.679696
            ],
            [
              110.126363,
              -7.679597
            ],
            [
              110.126463,
              -7.679547
            ],
            [
              110.126497,
              -7.67938
            ],
            [
              110.126564,
              -7.679347
            ],
            [
              110.126614,
              -7.679322
            ],
            [
              110.126614,
              -7.679247
            ],
            [
              110.126614,
              -7.679175
            ],
            [
              110.126614,
              -7.679172
            ],
            [
              110.126616,
              -7.679172
            ],
            [
              110.126689,
              -7.679172
            ],
            [
              110.126747,
              -7.679057
            ],
            [
              110.12679,
              -7.678972
            ],
            [
              110.12684,
              -7.678947
            ],
            [
              110.12684,
              -7.678797
            ],
            [
              110.126841,
              -7.678647
            ],
            [
              110.126841,
              -7.678572
            ],
            [
              110.126916,
              -7.678572
            ],
            [
              110.126884,
              -7.678229
            ],
            [
              110.126842,
              -7.677971
            ],
            [
              110.126842,
              -7.677819
            ],
            [
              110.126843,
              -7.677746
            ],
            [
              110.126918,
              -7.677746
            ],
            [
              110.126918,
              -7.677521
            ],
            [
              110.126888,
              -7.677401
            ],
            [
              110.126768,
              -7.67722
            ],
            [
              110.126693,
              -7.67722
            ],
            [
              110.126693,
              -7.677145
            ],
            [
              110.126493,
              -7.67717
            ],
            [
              110.126392,
              -7.67722
            ],
            [
              110.126317,
              -7.677219
            ],
            [
              110.126242,
              -7.677219
            ],
            [
              110.126179,
              -7.677342
            ],
            [
              110.125715,
              -7.677368
            ],
            [
              110.125639,
              -7.677368
            ],
            [
              110.12564,
              -7.677143
            ],
            [
              110.125597,
              -7.676886
            ],
            [
              110.12534,
              -7.676542
            ],
            [
              110.124889,
              -7.676541
            ],
            [
              110.124688,
              -7.676566
            ],
            [
              110.124588,
              -7.676615
            ],
            [
              110.124437,
              -7.676615
            ],
            [
              110.124437,
              -7.67654
            ],
            [
              110.124362,
              -7.67654
            ],
            [
              110.124287,
              -7.67654
            ],
            [
              110.124287,
              -7.676465
            ],
            [
              110.124136,
              -7.676464
            ],
            [
              110.123911,
              -7.676464
            ],
            [
              110.12361,
              -7.676463
            ],
            [
              110.123534,
              -7.676463
            ],
            [
              110.123535,
              -7.676388
            ],
            [
              110.123384,
              -7.676388
            ],
            [
              110.123234,
              -7.676387
            ],
            [
              110.123234,
              -7.676237
            ],
            [
              110.123159,
              -7.676237
            ],
            [
              110.123159,
              -7.676162
            ],
            [
              110.123084,
              -7.676162
            ],
            [
              110.123084,
              -7.676087
            ],
            [
              110.123009,
              -7.675937
            ],
            [
              110.122934,
              -7.675936
            ],
            [
              110.122934,
              -7.675861
            ],
            [
              110.122934,
              -7.675786
            ],
            [
              110.122834,
              -7.675736
            ],
            [
              110.122784,
              -7.675636
            ],
            [
              110.122708,
              -7.675636
            ],
            [
              110.122709,
              -7.675561
            ],
            [
              110.122633,
              -7.675561
            ],
            [
              110.122634,
              -7.675485
            ],
            [
              110.122558,
              -7.675485
            ],
            [
              110.122558,
              -7.67541
            ],
            [
              110.122441,
              -7.675377
            ],
            [
              110.122183,
              -7.675184
            ],
            [
              110.122107,
              -7.675184
            ],
            [
              110.122108,
              -7.675109
            ],
            [
              110.121708,
              -7.67484
            ],
            [
              110.121582,
              -7.674658
            ],
            [
              110.121507,
              -7.674657
            ],
            [
              110.121507,
              -7.674507
            ],
            [
              110.121507,
              -7.67447
            ],
            [
              110.121507,
              -7.674282
            ],
            [
              110.121465,
              -7.674024
            ],
            [
              110.121433,
              -7.673757
            ],
            [
              110.121358,
              -7.673756
            ],
            [
              110.121358,
              -7.673681
            ],
            [
              110.121208,
              -7.673456
            ],
            [
              110.121183,
              -7.672693
            ],
            [
              110.121059,
              -7.67263
            ],
            [
              110.120959,
              -7.67258
            ],
            [
              110.120709,
              -7.672529
            ],
            [
              110.120683,
              -7.672479
            ],
            [
              110.120608,
              -7.672479
            ],
            [
              110.120542,
              -7.672479
            ],
            [
              110.120533,
              -7.672474
            ],
            [
              110.120533,
              -7.672404
            ],
            [
              110.120383,
              -7.672403
            ],
            [
              110.120383,
              -7.672328
            ],
            [
              110.120283,
              -7.672278
            ],
            [
              110.120233,
              -7.672178
            ],
            [
              110.120157,
              -7.672178
            ],
            [
              110.120158,
              -7.672103
            ],
            [
              110.120158,
              -7.671952
            ],
            [
              110.120158,
              -7.671877
            ],
            [
              110.120083,
              -7.671877
            ],
            [
              110.120083,
              -7.671802
            ],
            [
              110.120083,
              -7.671727
            ],
            [
              110.120008,
              -7.671727
            ],
            [
              110.120008,
              -7.671652
            ],
            [
              110.119933,
              -7.671652
            ],
            [
              110.119834,
              -7.671602
            ],
            [
              110.119832,
              -7.671599
            ],
            [
              110.119708,
              -7.671351
            ],
            [
              110.119632,
              -7.671351
            ],
            [
              110.119633,
              -7.671276
            ],
            [
              110.119558,
              -7.671126
            ],
            [
              110.119482,
              -7.671125
            ],
            [
              110.119482,
              -7.67105
            ],
            [
              110.119407,
              -7.67105
            ],
            [
              110.119407,
              -7.670975
            ],
            [
              110.119332,
              -7.670975
            ],
            [
              110.119293,
              -7.670975
            ],
            [
              110.119259,
              -7.670952
            ],
            [
              110.119257,
              -7.670951
            ],
            [
              110.119257,
              -7.6709
            ],
            [
              110.119182,
              -7.6709
            ],
            [
              110.119182,
              -7.670825
            ],
            [
              110.119041,
              -7.670824
            ],
            [
              110.119032,
              -7.670813
            ],
            [
              110.119032,
              -7.670749
            ],
            [
              110.118987,
              -7.670718
            ],
            [
              110.118807,
              -7.670448
            ],
            [
              110.118731,
              -7.670448
            ],
            [
              110.118731,
              -7.670373
            ],
            [
              110.118548,
              -7.670255
            ],
            [
              110.11828,
              -7.670147
            ],
            [
              110.118259,
              -7.670147
            ],
            [
              110.118205,
              -7.670147
            ],
            [
              110.118142,
              -7.670147
            ],
            [
              110.11813,
              -7.670131
            ],
            [
              110.11813,
              -7.670072
            ],
            [
              110.118055,
              -7.669921
            ],
            [
              110.11798,
              -7.669921
            ],
            [
              110.11798,
              -7.669846
            ],
            [
              110.11798,
              -7.669771
            ],
            [
              110.117982,
              -7.669021
            ],
            [
              110.118057,
              -7.669021
            ],
            [
              110.118028,
              -7.668451
            ],
            [
              110.117996,
              -7.66832
            ],
            [
              110.118,
              -7.668316
            ],
            [
              110.118056,
              -7.66827
            ],
            [
              110.118056,
              -7.66827
            ],
            [
              110.118059,
              -7.668269
            ],
            [
              110.118115,
              -7.66823
            ],
            [
              110.118177,
              -7.668198
            ],
            [
              110.118185,
              -7.668195
            ],
            [
              110.118209,
              -7.668187
            ],
            [
              110.118243,
              -7.668175
            ],
            [
              110.118312,
              -7.668159
            ],
            [
              110.118384,
              -7.66815
            ],
            [
              110.118457,
              -7.668146
            ],
            [
              110.118532,
              -7.668145
            ],
            [
              110.118607,
              -7.668145
            ],
            [
              110.118683,
              -7.668146
            ],
            [
              110.118758,
              -7.668146
            ],
            [
              110.118833,
              -7.668144
            ],
            [
              110.11885,
              -7.668142
            ],
            [
              110.118906,
              -7.668139
            ],
            [
              110.118979,
              -7.668131
            ],
            [
              110.119051,
              -7.668122
            ],
            [
              110.119123,
              -7.668111
            ],
            [
              110.119142,
              -7.668107
            ],
            [
              110.119194,
              -7.668098
            ],
            [
              110.119257,
              -7.668085
            ],
            [
              110.119265,
              -7.668083
            ],
            [
              110.119335,
              -7.668067
            ],
            [
              110.119405,
              -7.668049
            ],
            [
              110.119474,
              -7.66803
            ],
            [
              110.119543,
              -7.668009
            ],
            [
              110.119612,
              -7.667987
            ],
            [
              110.119639,
              -7.667977
            ],
            [
              110.119639,
              -7.668048
            ],
            [
              110.119714,
              -7.668048
            ],
            [
              110.11979,
              -7.668048
            ],
            [
              110.119789,
              -7.668124
            ],
            [
              110.119966,
              -7.668169
            ],
            [
              110.120022,
              -7.668251
            ],
            [
              110.12009,
              -7.668349
            ],
            [
              110.120165,
              -7.668349
            ],
            [
              110.120165,
              -7.668425
            ],
            [
              110.12024,
              -7.668425
            ],
            [
              110.120316,
              -7.668425
            ],
            [
              110.120315,
              -7.6685
            ],
            [
              110.120371,
              -7.6685
            ],
            [
              110.120616,
              -7.668501
            ],
            [
              110.120617,
              -7.668425
            ],
            [
              110.120692,
              -7.668426
            ],
            [
              110.120692,
              -7.668351
            ],
            [
              110.120842,
              -7.668351
            ],
            [
              110.121069,
              -7.668051
            ],
            [
              110.121069,
              -7.667976
            ],
            [
              110.121144,
              -7.667976
            ],
            [
              110.121144,
              -7.667901
            ],
            [
              110.121144,
              -7.667826
            ],
            [
              110.12122,
              -7.667826
            ],
            [
              110.12122,
              -7.667676
            ],
            [
              110.121295,
              -7.667676
            ],
            [
              110.121296,
              -7.667526
            ],
            [
              110.121446,
              -7.667526
            ],
            [
              110.121697,
              -7.667652
            ],
            [
              110.121822,
              -7.667677
            ],
            [
              110.121965,
              -7.667653
            ],
            [
              110.12197,
              -7.667656
            ],
            [
              110.121971,
              -7.667657
            ],
            [
              110.121972,
              -7.667652
            ],
            [
              110.122053,
              -7.667639
            ],
            [
              110.122124,
              -7.667228
            ],
            [
              110.122124,
              -7.667002
            ],
            [
              110.122169,
              -7.666822
            ],
            [
              110.122201,
              -7.666402
            ],
            [
              110.122201,
              -7.666327
            ],
            [
              110.122276,
              -7.666327
            ],
            [
              110.122253,
              -7.666184
            ],
            [
              110.122234,
              -7.666069
            ],
            [
              110.122202,
              -7.665802
            ],
            [
              110.122202,
              -7.665651
            ],
            [
              110.122234,
              -7.665082
            ],
            [
              110.122279,
              -7.664901
            ],
            [
              110.122355,
              -7.664751
            ],
            [
              110.12238,
              -7.664701
            ],
            [
              110.122581,
              -7.664601
            ],
            [
              110.1226,
              -7.66447
            ],
            [
              110.122712,
              -7.664357
            ],
            [
              110.122751,
              -7.66417
            ],
            [
              110.122807,
              -7.664151
            ],
            [
              110.122833,
              -7.664027
            ],
            [
              110.122883,
              -7.663926
            ],
            [
              110.122883,
              -7.663776
            ],
            [
              110.122959,
              -7.663776
            ],
            [
              110.122959,
              -7.663626
            ],
            [
              110.123034,
              -7.663626
            ],
            [
              110.123034,
              -7.663551
            ],
            [
              110.123109,
              -7.663551
            ],
            [
              110.12311,
              -7.663476
            ],
            [
              110.12326,
              -7.663477
            ],
            [
              110.123411,
              -7.663477
            ],
            [
              110.123561,
              -7.663477
            ],
            [
              110.123561,
              -7.663402
            ],
            [
              110.123614,
              -7.663402
            ],
            [
              110.123636,
              -7.663402
            ],
            [
              110.123787,
              -7.663403
            ],
            [
              110.123787,
              -7.663328
            ],
            [
              110.123862,
              -7.663328
            ],
            [
              110.123862,
              -7.663253
            ],
            [
              110.123938,
              -7.663253
            ],
            [
              110.124164,
              -7.662803
            ],
            [
              110.124315,
              -7.662503
            ],
            [
              110.124337,
              -7.662461
            ],
            [
              110.124383,
              -7.662431
            ],
            [
              110.124444,
              -7.662391
            ],
            [
              110.124487,
              -7.662364
            ],
            [
              110.124541,
              -7.662353
            ],
            [
              110.124617,
              -7.662354
            ],
            [
              110.124767,
              -7.662354
            ],
            [
              110.124955,
              -7.662448
            ],
            [
              110.125143,
              -7.662355
            ],
            [
              110.125144,
              -7.66228
            ],
            [
              110.125219,
              -7.66228
            ],
            [
              110.125219,
              -7.662205
            ],
            [
              110.125294,
              -7.662205
            ],
            [
              110.125294,
              -7.66213
            ],
            [
              110.12537,
              -7.66213
            ],
            [
              110.12537,
              -7.662055
            ],
            [
              110.125445,
              -7.662055
            ],
            [
              110.125512,
              -7.661923
            ],
            [
              110.125521,
              -7.661906
            ],
            [
              110.125671,
              -7.66183
            ],
            [
              110.125822,
              -7.661756
            ],
            [
              110.126048,
              -7.661606
            ],
            [
              110.126048,
              -7.661531
            ],
            [
              110.126048,
              -7.661531
            ],
            [
              110.126123,
              -7.661531
            ],
            [
              110.126123,
              -7.66148
            ],
            [
              110.12616,
              -7.661456
            ],
            [
              110.126199,
              -7.661456
            ],
            [
              110.126239,
              -7.661406
            ],
            [
              110.126451,
              -7.661285
            ],
            [
              110.12651,
              -7.661218
            ],
            [
              110.126564,
              -7.661147
            ],
            [
              110.126615,
              -7.661073
            ],
            [
              110.126654,
              -7.661011
            ],
            [
              110.126663,
              -7.660996
            ],
            [
              110.126701,
              -7.660932
            ],
            [
              110.126802,
              -7.660932
            ],
            [
              110.126802,
              -7.660866
            ],
            [
              110.126817,
              -7.660857
            ],
            [
              110.126877,
              -7.660857
            ],
            [
              110.126952,
              -7.660857
            ],
            [
              110.126952,
              -7.660782
            ],
            [
              110.127028,
              -7.660782
            ],
            [
              110.127028,
              -7.660736
            ],
            [
              110.127078,
              -7.660707
            ],
            [
              110.127103,
              -7.660707
            ],
            [
              110.127178,
              -7.660707
            ],
            [
              110.127178,
              -7.660651
            ],
            [
              110.127211,
              -7.660632
            ],
            [
              110.127329,
              -7.660633
            ],
            [
              110.127329,
              -7.660558
            ],
            [
              110.127404,
              -7.660558
            ],
            [
              110.127404,
              -7.660499
            ],
            [
              110.127425,
              -7.660483
            ],
            [
              110.12748,
              -7.660483
            ],
            [
              110.12748,
              -7.66044
            ],
            [
              110.127522,
              -7.660408
            ],
            [
              110.127555,
              -7.660408
            ],
            [
              110.127633,
              -7.660305
            ],
            [
              110.127701,
              -7.660239
            ],
            [
              110.127717,
              -7.660194
            ],
            [
              110.127814,
              -7.660066
            ],
            [
              110.127857,
              -7.660033
            ],
            [
              110.127857,
              -7.659958
            ],
            [
              110.127858,
              -7.659508
            ],
            [
              110.127859,
              -7.659158
            ],
            [
              110.127866,
              -7.659143
            ],
            [
              110.127875,
              -7.659132
            ],
            [
              110.127934,
              -7.659133
            ],
            [
              110.127934,
              -7.659074
            ],
            [
              110.127957,
              -7.659058
            ],
            [
              110.128009,
              -7.659058
            ],
            [
              110.128009,
              -7.659021
            ],
            [
              110.128063,
              -7.658983
            ],
            [
              110.128085,
              -7.658983
            ],
            [
              110.128266,
              -7.658864
            ],
            [
              110.128386,
              -7.658833
            ],
            [
              110.128386,
              -7.658758
            ],
            [
              110.128461,
              -7.658758
            ],
            [
              110.128537,
              -7.658759
            ],
            [
              110.128537,
              -7.658683
            ],
            [
              110.128612,
              -7.658684
            ],
            [
              110.128687,
              -7.658684
            ],
            [
              110.128687,
              -7.658609
            ],
            [
              110.128763,
              -7.658609
            ],
            [
              110.128838,
              -7.658609
            ],
            [
              110.128838,
              -7.658543
            ],
            [
              110.128869,
              -7.658534
            ],
            [
              110.128913,
              -7.658534
            ],
            [
              110.129114,
              -7.658509
            ],
            [
              110.129616,
              -7.65826
            ],
            [
              110.129741,
              -7.658235
            ],
            [
              110.130353,
              -7.657551
            ],
            [
              110.13042,
              -7.657336
            ],
            [
              110.130422,
              -7.65651
            ],
            [
              110.130498,
              -7.65636
            ],
            [
              110.130498,
              -7.656285
            ],
            [
              110.130543,
              -7.656105
            ],
            [
              110.130574,
              -7.65591
            ],
            [
              110.130619,
              -7.65573
            ],
            [
              110.13065,
              -7.655235
            ],
            [
              110.130651,
              -7.65516
            ],
            [
              110.130726,
              -7.65516
            ],
            [
              110.130726,
              -7.654935
            ],
            [
              110.130788,
              -7.654696
            ],
            [
              110.130877,
              -7.654635
            ],
            [
              110.130878,
              -7.6545
            ],
            [
              110.130897,
              -7.65449
            ],
            [
              110.130906,
              -7.654485
            ],
            [
              110.130953,
              -7.654485
            ],
            [
              110.130953,
              -7.654463
            ],
            [
              110.131004,
              -7.654439
            ],
            [
              110.131028,
              -7.654431
            ],
            [
              110.131085,
              -7.65441
            ],
            [
              110.131427,
              -7.654411
            ],
            [
              110.13148,
              -7.654411
            ],
            [
              110.13148,
              -7.654486
            ],
            [
              110.131781,
              -7.654486
            ],
            [
              110.131781,
              -7.654411
            ],
            [
              110.132006,
              -7.654412
            ],
            [
              110.132307,
              -7.654412
            ],
            [
              110.132307,
              -7.654337
            ],
            [
              110.132383,
              -7.654338
            ],
            [
              110.132608,
              -7.654338
            ],
            [
              110.132609,
              -7.654263
            ],
            [
              110.132834,
              -7.654263
            ],
            [
              110.13306,
              -7.654264
            ],
            [
              110.133135,
              -7.654264
            ],
            [
              110.133135,
              -7.654189
            ],
            [
              110.133813,
              -7.65419
            ],
            [
              110.133813,
              -7.654115
            ],
            [
              110.133963,
              -7.654116
            ],
            [
              110.134835,
              -7.654161
            ],
            [
              110.135159,
              -7.654178
            ],
            [
              110.135242,
              -7.654268
            ],
            [
              110.135844,
              -7.654269
            ],
            [
              110.136521,
              -7.654271
            ],
            [
              110.136543,
              -7.654228
            ],
            [
              110.136572,
              -7.654171
            ],
            [
              110.136672,
              -7.654121
            ],
            [
              110.136672,
              -7.654046
            ],
            [
              110.136672,
              -7.654046
            ],
            [
              110.136822,
              -7.654046
            ],
            [
              110.136939,
              -7.653922
            ],
            [
              110.137007,
              -7.653917
            ],
            [
              110.137098,
              -7.653911
            ],
            [
              110.13719,
              -7.653904
            ],
            [
              110.137281,
              -7.653896
            ],
            [
              110.137372,
              -7.653887
            ],
            [
              110.137463,
              -7.653877
            ],
            [
              110.137553,
              -7.653867
            ],
            [
              110.137643,
              -7.653855
            ],
            [
              110.137733,
              -7.653842
            ],
            [
              110.137824,
              -7.653828
            ],
            [
              110.137914,
              -7.653813
            ],
            [
              110.138006,
              -7.653796
            ],
            [
              110.138098,
              -7.653777
            ],
            [
              110.138191,
              -7.653757
            ],
            [
              110.138285,
              -7.653735
            ],
            [
              110.138378,
              -7.65371
            ],
            [
              110.138471,
              -7.653683
            ],
            [
              110.138562,
              -7.653654
            ],
            [
              110.138652,
              -7.653621
            ],
            [
              110.138666,
              -7.653616
            ],
            [
              110.13874,
              -7.653585
            ],
            [
              110.138825,
              -7.653546
            ],
            [
              110.138907,
              -7.653503
            ],
            [
              110.138948,
              -7.653478
            ],
            [
              110.138986,
              -7.653455
            ],
            [
              110.13906,
              -7.653404
            ],
            [
              110.139103,
              -7.65337
            ],
            [
              110.13913,
              -7.653348
            ],
            [
              110.139148,
              -7.653332
            ],
            [
              110.139195,
              -7.653287
            ],
            [
              110.139225,
              -7.653255
            ],
            [
              110.139255,
              -7.653222
            ],
            [
              110.139269,
              -7.653203
            ],
            [
              110.139309,
              -7.653151
            ],
            [
              110.139309,
              -7.65315
            ],
            [
              110.139348,
              -7.653091
            ],
            [
              110.139357,
              -7.653076
            ],
            [
              110.139383,
              -7.653031
            ],
            [
              110.139402,
              -7.652997
            ],
            [
              110.139403,
              -7.652993
            ],
            [
              110.139437,
              -7.652926
            ],
            [
              110.139443,
              -7.652914
            ],
            [
              110.139458,
              -7.65288
            ],
            [
              110.139481,
              -7.65283
            ],
            [
              110.139504,
              -7.652776
            ],
            [
              110.139517,
              -7.652744
            ],
            [
              110.139534,
              -7.652703
            ],
            [
              110.139535,
              -7.652701
            ],
            [
              110.139552,
              -7.652657
            ],
            [
              110.139565,
              -7.652626
            ],
            [
              110.139588,
              -7.65257
            ],
            [
              110.139595,
              -7.652553
            ],
            [
              110.139596,
              -7.652551
            ],
            [
              110.139609,
              -7.652518
            ],
            [
              110.139613,
              -7.652509
            ],
            [
              110.139623,
              -7.652484
            ],
            [
              110.139627,
              -7.652476
            ],
            [
              110.13966,
              -7.652399
            ],
            [
              110.139697,
              -7.652314
            ],
            [
              110.139733,
              -7.65223
            ],
            [
              110.139737,
              -7.652221
            ],
            [
              110.139769,
              -7.652146
            ],
            [
              110.139804,
              -7.652062
            ],
            [
              110.139837,
              -7.651977
            ],
            [
              110.139868,
              -7.651892
            ],
            [
              110.139872,
              -7.651881
            ],
            [
              110.139895,
              -7.651811
            ],
            [
              110.139897,
              -7.651806
            ],
            [
              110.139912,
              -7.651755
            ],
            [
              110.13992,
              -7.651725
            ],
            [
              110.139922,
              -7.651719
            ],
            [
              110.13994,
              -7.65165
            ],
            [
              110.139945,
              -7.651631
            ],
            [
              110.139959,
              -7.651575
            ],
            [
              110.139987,
              -7.651575
            ],
            [
              110.140063,
              -7.651576
            ],
            [
              110.140063,
              -7.651501
            ],
            [
              110.140138,
              -7.651501
            ],
            [
              110.140289,
              -7.651426
            ],
            [
              110.140439,
              -7.651351
            ],
            [
              110.14059,
              -7.651276
            ],
            [
              110.140741,
              -7.651202
            ],
            [
              110.140741,
              -7.651127
            ],
            [
              110.140876,
              -7.651127
            ],
            [
              110.140891,
              -7.651127
            ],
            [
              110.140891,
              -7.651052
            ],
            [
              110.140967,
              -7.651052
            ],
            [
              110.141067,
              -7.651002
            ],
            [
              110.141192,
              -7.650977
            ],
            [
              110.141193,
              -7.650902
            ],
            [
              110.141268,
              -7.650902
            ],
            [
              110.141345,
              -7.650803
            ],
            [
              110.141644,
              -7.650753
            ],
            [
              110.14172,
              -7.650753
            ],
            [
              110.141915,
              -7.650723
            ],
            [
              110.142096,
              -7.650679
            ],
            [
              110.142573,
              -7.650661
            ],
            [
              110.142748,
              -7.650655
            ],
            [
              110.142848,
              -7.650605
            ],
            [
              110.143118,
              -7.650575
            ],
            [
              110.143536,
              -7.650492
            ],
            [
              110.143934,
              -7.650414
            ],
            [
              110.143978,
              -7.650382
            ],
            [
              110.144128,
              -7.650383
            ],
            [
              110.144203,
              -7.650383
            ],
            [
              110.144203,
              -7.650308
            ],
            [
              110.144279,
              -7.650308
            ],
            [
              110.144279,
              -7.650249
            ],
            [
              110.144304,
              -7.650233
            ],
            [
              110.144429,
              -7.650233
            ],
            [
              110.144429,
              -7.650158
            ],
            [
              110.144469,
              -7.650158
            ],
            [
              110.14458,
              -7.650158
            ],
            [
              110.14458,
              -7.650083
            ],
            [
              110.144655,
              -7.650084
            ],
            [
              110.144655,
              -7.650008
            ],
            [
              110.144731,
              -7.650009
            ],
            [
              110.144912,
              -7.649889
            ],
            [
              110.145032,
              -7.649859
            ],
            [
              110.145032,
              -7.64979
            ],
            [
              110.145032,
              -7.64979
            ],
            [
              110.145037,
              -7.649788
            ],
            [
              110.145047,
              -7.649784
            ],
            [
              110.145048,
              -7.649784
            ],
            [
              110.145051,
              -7.649784
            ],
            [
              110.145057,
              -7.649784
            ],
            [
              110.145059,
              -7.649784
            ],
            [
              110.14517,
              -7.649829
            ],
            [
              110.145246,
              -7.649882
            ],
            [
              110.145254,
              -7.649889
            ],
            [
              110.14534,
              -7.649959
            ],
            [
              110.145363,
              -7.649965
            ],
            [
              110.145365,
              -7.649965
            ],
            [
              110.145387,
              -7.649981
            ],
            [
              110.145414,
              -7.649979
            ],
            [
              110.145417,
              -7.64998
            ],
            [
              110.14542,
              -7.649981
            ],
            [
              110.145494,
              -7.649979
            ],
            [
              110.145575,
              -7.649955
            ],
            [
              110.145643,
              -7.64989
            ],
            [
              110.145646,
              -7.649887
            ],
            [
              110.145747,
              -7.649818
            ],
            [
              110.145906,
              -7.649707
            ],
            [
              110.145965,
              -7.649745
            ],
            [
              110.145966,
              -7.649746
            ],
            [
              110.145994,
              -7.649772
            ],
            [
              110.146071,
              -7.649896
            ],
            [
              110.146122,
              -7.64996
            ],
            [
              110.146177,
              -7.64997
            ],
            [
              110.146228,
              -7.649975
            ],
            [
              110.146261,
              -7.649987
            ],
            [
              110.146263,
              -7.649986
            ],
            [
              110.146334,
              -7.650015
            ],
            [
              110.146447,
              -7.650061
            ],
            [
              110.146555,
              -7.650104
            ],
            [
              110.146763,
              -7.650054
            ],
            [
              110.146981,
              -7.649961
            ],
            [
              110.147219,
              -7.649926
            ],
            [
              110.147372,
              -7.64993
            ],
            [
              110.147405,
              -7.649931
            ],
            [
              110.147468,
              -7.649933
            ],
            [
              110.147569,
              -7.64996
            ],
            [
              110.147619,
              -7.649973
            ],
            [
              110.147737,
              -7.65002
            ],
            [
              110.147822,
              -7.650053
            ],
            [
              110.147855,
              -7.650066
            ],
            [
              110.147896,
              -7.650019
            ],
            [
              110.147962,
              -7.649928
            ],
            [
              110.148024,
              -7.649831
            ],
            [
              110.148084,
              -7.649732
            ],
            [
              110.148103,
              -7.649699
            ],
            [
              110.148144,
              -7.649631
            ],
            [
              110.148207,
              -7.649532
            ],
            [
              110.148254,
              -7.649465
            ],
            [
              110.148274,
              -7.649437
            ],
            [
              110.14828,
              -7.649429
            ],
            [
              110.148339,
              -7.649355
            ],
            [
              110.148346,
              -7.649346
            ],
            [
              110.148421,
              -7.649258
            ],
            [
              110.148477,
              -7.649199
            ],
            [
              110.1485,
              -7.649174
            ],
            [
              110.148579,
              -7.64909
            ],
            [
              110.148659,
              -7.649008
            ],
            [
              110.148682,
              -7.648984
            ],
            [
              110.148738,
              -7.648926
            ],
            [
              110.148815,
              -7.648842
            ],
            [
              110.148889,
              -7.648757
            ],
            [
              110.148959,
              -7.648669
            ],
            [
              110.149024,
              -7.648577
            ],
            [
              110.149083,
              -7.648482
            ],
            [
              110.149139,
              -7.648384
            ],
            [
              110.149191,
              -7.648283
            ],
            [
              110.149243,
              -7.648181
            ],
            [
              110.149244,
              -7.648179
            ],
            [
              110.149294,
              -7.648078
            ],
            [
              110.149346,
              -7.647976
            ],
            [
              110.1494,
              -7.647874
            ],
            [
              110.149436,
              -7.647812
            ],
            [
              110.149458,
              -7.647773
            ],
            [
              110.149521,
              -7.647675
            ],
            [
              110.14959,
              -7.64758
            ],
            [
              110.149663,
              -7.647489
            ],
            [
              110.149742,
              -7.647404
            ],
            [
              110.149826,
              -7.647326
            ],
            [
              110.149915,
              -7.647255
            ],
            [
              110.15001,
              -7.647193
            ],
            [
              110.150108,
              -7.647141
            ],
            [
              110.150212,
              -7.647099
            ],
            [
              110.150319,
              -7.647064
            ],
            [
              110.150429,
              -7.647037
            ],
            [
              110.150542,
              -7.647016
            ],
            [
              110.150657,
              -7.647
            ],
            [
              110.150774,
              -7.646988
            ],
            [
              110.150892,
              -7.646979
            ],
            [
              110.150981,
              -7.646975
            ],
            [
              110.15101,
              -7.646973
            ],
            [
              110.151129,
              -7.646968
            ],
            [
              110.151247,
              -7.646964
            ],
            [
              110.151282,
              -7.646962
            ],
            [
              110.151308,
              -7.646961
            ],
            [
              110.151313,
              -7.646944
            ],
            [
              110.151336,
              -7.646869
            ],
            [
              110.151369,
              -7.646759
            ],
            [
              110.152036,
              -7.646501
            ],
            [
              110.152052,
              -7.646495
            ],
            [
              110.152111,
              -7.646472
            ],
            [
              110.152245,
              -7.64642
            ],
            [
              110.152337,
              -7.646385
            ],
            [
              110.152381,
              -7.646368
            ],
            [
              110.152537,
              -7.646446
            ],
            [
              110.152562,
              -7.646496
            ],
            [
              110.152713,
              -7.646496
            ],
            [
              110.152713,
              -7.646571
            ],
            [
              110.152788,
              -7.646572
            ],
            [
              110.153139,
              -7.646748
            ],
            [
              110.153164,
              -7.646798
            ],
            [
              110.153314,
              -7.646798
            ],
            [
              110.153314,
              -7.646873
            ],
            [
              110.153325,
              -7.646873
            ],
            [
              110.153611,
              -7.646873
            ],
            [
              110.153766,
              -7.646874
            ],
            [
              110.153765,
              -7.646949
            ],
            [
              110.154217,
              -7.64695
            ],
            [
              110.154292,
              -7.64695
            ],
            [
              110.154292,
              -7.647025
            ],
            [
              110.154668,
              -7.647026
            ],
            [
              110.154819,
              -7.647026
            ],
            [
              110.155067,
              -7.64693
            ],
            [
              110.155115,
              -7.646942
            ],
            [
              110.155227,
              -7.646966
            ],
            [
              110.15534,
              -7.646985
            ],
            [
              110.155454,
              -7.647001
            ],
            [
              110.155568,
              -7.647012
            ],
            [
              110.155682,
              -7.64702
            ],
            [
              110.155797,
              -7.647024
            ],
            [
              110.155912,
              -7.647024
            ],
            [
              110.156027,
              -7.64702
            ],
            [
              110.156142,
              -7.647014
            ],
            [
              110.156257,
              -7.647004
            ],
            [
              110.156372,
              -7.646991
            ],
            [
              110.156809,
              -7.646986
            ],
            [
              110.156852,
              -7.646986
            ],
            [
              110.157047,
              -7.646969
            ],
            [
              110.157116,
              -7.646964
            ],
            [
              110.157116,
              -7.646963
            ],
            [
              110.157165,
              -7.646858
            ],
            [
              110.157207,
              -7.646767
            ],
            [
              110.157249,
              -7.646698
            ],
            [
              110.157303,
              -7.646609
            ],
            [
              110.157437,
              -7.646388
            ],
            [
              110.157614,
              -7.646226
            ],
            [
              110.157701,
              -7.646147
            ],
            [
              110.157895,
              -7.646072
            ],
            [
              110.157922,
              -7.646062
            ],
            [
              110.158096,
              -7.645995
            ],
            [
              110.1582,
              -7.645956
            ],
            [
              110.158289,
              -7.645926
            ],
            [
              110.158507,
              -7.645907
            ],
            [
              110.158508,
              -7.645853
            ],
            [
              110.15857,
              -7.645832
            ],
            [
              110.158583,
              -7.645832
            ],
            [
              110.158658,
              -7.645832
            ],
            [
              110.158809,
              -7.645833
            ],
            [
              110.158853,
              -7.645833
            ],
            [
              110.158959,
              -7.645833
            ],
            [
              110.159109,
              -7.645833
            ],
            [
              110.159335,
              -7.645834
            ],
            [
              110.159784,
              -7.645835
            ],
            [
              110.159787,
              -7.645835
            ],
            [
              110.159987,
              -7.64586
            ],
            [
              110.160087,
              -7.64591
            ],
            [
              110.160313,
              -7.645911
            ],
            [
              110.160388,
              -7.645911
            ],
            [
              110.160388,
              -7.645986
            ],
            [
              110.160613,
              -7.646141
            ],
            [
              110.160688,
              -7.646437
            ],
            [
              110.160764,
              -7.646437
            ],
            [
              110.160763,
              -7.646512
            ],
            [
              110.160839,
              -7.646512
            ],
            [
              110.160839,
              -7.646587
            ],
            [
              110.160838,
              -7.646662
            ],
            [
              110.160914,
              -7.646663
            ],
            [
              110.160913,
              -7.646738
            ],
            [
              110.160913,
              -7.646813
            ],
            [
              110.160989,
              -7.646813
            ],
            [
              110.160988,
              -7.646888
            ],
            [
              110.161064,
              -7.646888
            ],
            [
              110.161063,
              -7.646963
            ],
            [
              110.161063,
              -7.647188
            ],
            [
              110.161138,
              -7.647188
            ],
            [
              110.161138,
              -7.647339
            ],
            [
              110.161213,
              -7.647339
            ],
            [
              110.161213,
              -7.647414
            ],
            [
              110.161288,
              -7.647414
            ],
            [
              110.161288,
              -7.647564
            ],
            [
              110.161288,
              -7.647714
            ],
            [
              110.161363,
              -7.647714
            ],
            [
              110.161363,
              -7.647789
            ],
            [
              110.161363,
              -7.647939
            ],
            [
              110.161438,
              -7.64794
            ],
            [
              110.161437,
              -7.64809
            ],
            [
              110.161513,
              -7.64809
            ],
            [
              110.161513,
              -7.648165
            ],
            [
              110.161593,
              -7.648165
            ],
            [
              110.161663,
              -7.648165
            ],
            [
              110.161739,
              -7.648016
            ],
            [
              110.161889,
              -7.64794
            ],
            [
              110.161982,
              -7.647765
            ],
            [
              110.162286,
              -7.647912
            ],
            [
              110.16234,
              -7.648016
            ],
            [
              110.162566,
              -7.648017
            ],
            [
              110.162566,
              -7.647942
            ],
            [
              110.162642,
              -7.647942
            ],
            [
              110.162609,
              -7.647749
            ],
            [
              110.162414,
              -7.647251
            ],
            [
              110.162493,
              -7.647191
            ],
            [
              110.162493,
              -7.647116
            ],
            [
              110.162568,
              -7.647116
            ],
            [
              110.162643,
              -7.647116
            ],
            [
              110.162643,
              -7.647041
            ],
            [
              110.162719,
              -7.647041
            ],
            [
              110.16302,
              -7.647042
            ],
            [
              110.163019,
              -7.647117
            ],
            [
              110.163095,
              -7.647117
            ],
            [
              110.163094,
              -7.647192
            ],
            [
              110.16317,
              -7.647192
            ],
            [
              110.16317,
              -7.647267
            ],
            [
              110.163245,
              -7.647268
            ],
            [
              110.163245,
              -7.647343
            ],
            [
              110.16332,
              -7.647343
            ],
            [
              110.16332,
              -7.647418
            ],
            [
              110.16337,
              -7.647443
            ],
            [
              110.16347,
              -7.647643
            ],
            [
              110.163545,
              -7.647643
            ],
            [
              110.16362,
              -7.647644
            ],
            [
              110.16362,
              -7.647719
            ],
            [
              110.163695,
              -7.647719
            ],
            [
              110.163771,
              -7.647719
            ],
            [
              110.16377,
              -7.647794
            ],
            [
              110.16387,
              -7.647845
            ],
            [
              110.163921,
              -7.647944
            ],
            [
              110.163996,
              -7.647945
            ],
            [
              110.163996,
              -7.64802
            ],
            [
              110.164267,
              -7.648359
            ],
            [
              110.164388,
              -7.648365
            ],
            [
              110.164973,
              -7.648397
            ],
            [
              110.165048,
              -7.648397
            ],
            [
              110.165048,
              -7.648472
            ],
            [
              110.165165,
              -7.648531
            ],
            [
              110.165198,
              -7.648698
            ],
            [
              110.165273,
              -7.648698
            ],
            [
              110.165273,
              -7.648773
            ],
            [
              110.165611,
              -7.648942
            ],
            [
              110.1658,
              -7.648849
            ],
            [
              110.1658,
              -7.648774
            ],
            [
              110.165831,
              -7.648774
            ],
            [
              110.165875,
              -7.648774
            ],
            [
              110.165935,
              -7.648657
            ],
            [
              110.166101,
              -7.648624
            ],
            [
              110.166101,
              -7.648549
            ],
            [
              110.166177,
              -7.648549
            ],
            [
              110.166327,
              -7.64855
            ],
            [
              110.16659,
              -7.648516
            ],
            [
              110.166754,
              -7.648495
            ],
            [
              110.16691,
              -7.648366
            ],
            [
              110.167231,
              -7.648101
            ],
            [
              110.167231,
              -7.648026
            ],
            [
              110.167457,
              -7.648026
            ],
            [
              110.167607,
              -7.648027
            ],
            [
              110.167908,
              -7.648027
            ],
            [
              110.168148,
              -7.648028
            ],
            [
              110.168284,
              -7.648028
            ],
            [
              110.168409,
              -7.648053
            ],
            [
              110.16851,
              -7.648103
            ],
            [
              110.168811,
              -7.648104
            ],
            [
              110.168811,
              -7.648055
            ],
            [
              110.168851,
              -7.648052
            ],
            [
              110.16888,
              -7.64804
            ],
            [
              110.168886,
              -7.648037
            ],
            [
              110.168905,
              -7.648029
            ],
            [
              110.168908,
              -7.648028
            ],
            [
              110.168974,
              -7.647951
            ],
            [
              110.16905,
              -7.647868
            ],
            [
              110.169237,
              -7.647905
            ],
            [
              110.16926,
              -7.648017
            ],
            [
              110.169262,
              -7.64803
            ],
            [
              110.169338,
              -7.64803
            ],
            [
              110.169338,
              -7.648105
            ],
            [
              110.169413,
              -7.648105
            ],
            [
              110.169413,
              -7.64818
            ],
            [
              110.169463,
              -7.648206
            ],
            [
              110.169563,
              -7.648406
            ],
            [
              110.169638,
              -7.648406
            ],
            [
              110.169638,
              -7.648481
            ],
            [
              110.169695,
              -7.648481
            ],
            [
              110.169939,
              -7.648481
            ],
            [
              110.169939,
              -7.648406
            ],
            [
              110.170014,
              -7.648407
            ],
            [
              110.170165,
              -7.648407
            ],
            [
              110.170165,
              -7.648335
            ],
            [
              110.170175,
              -7.648332
            ],
            [
              110.17024,
              -7.648332
            ],
            [
              110.170315,
              -7.648332
            ],
            [
              110.170466,
              -7.648257
            ],
            [
              110.170692,
              -7.648258
            ],
            [
              110.170691,
              -7.648333
            ],
            [
              110.170874,
              -7.648451
            ],
            [
              110.171142,
              -7.648559
            ],
            [
              110.171192,
              -7.648559
            ],
            [
              110.171322,
              -7.648585
            ],
            [
              110.171361,
              -7.648559
            ],
            [
              110.171443,
              -7.648559
            ],
            [
              110.171594,
              -7.64856
            ],
            [
              110.171669,
              -7.64856
            ],
            [
              110.171895,
              -7.64856
            ],
            [
              110.172421,
              -7.648561
            ],
            [
              110.172422,
              -7.648486
            ],
            [
              110.172497,
              -7.648486
            ],
            [
              110.172798,
              -7.648487
            ],
            [
              110.172873,
              -7.648487
            ],
            [
              110.17295,
              -7.648388
            ],
            [
              110.17325,
              -7.648338
            ],
            [
              110.1734,
              -7.648338
            ],
            [
              110.173475,
              -7.648338
            ],
            [
              110.173475,
              -7.648413
            ],
            [
              110.173626,
              -7.648414
            ],
            [
              110.173701,
              -7.648414
            ],
            [
              110.173701,
              -7.64837
            ],
            [
              110.173737,
              -7.648373
            ],
            [
              110.173743,
              -7.648339
            ],
            [
              110.173776,
              -7.648339
            ],
            [
              110.173776,
              -7.648264
            ],
            [
              110.173852,
              -7.648264
            ],
            [
              110.173852,
              -7.648114
            ],
            [
              110.173852,
              -7.647978
            ],
            [
              110.173869,
              -7.647964
            ],
            [
              110.173927,
              -7.647964
            ],
            [
              110.174003,
              -7.647964
            ],
            [
              110.174003,
              -7.647889
            ],
            [
              110.174078,
              -7.647889
            ],
            [
              110.174153,
              -7.647889
            ],
            [
              110.174228,
              -7.647889
            ],
            [
              110.174228,
              -7.647964
            ],
            [
              110.174529,
              -7.64819
            ],
            [
              110.174604,
              -7.64819
            ],
            [
              110.174604,
              -7.648265
            ],
            [
              110.174679,
              -7.648265
            ],
            [
              110.174679,
              -7.648416
            ],
            [
              110.174754,
              -7.648416
            ],
            [
              110.174754,
              -7.648491
            ],
            [
              110.17498,
              -7.648491
            ],
            [
              110.17498,
              -7.648426
            ],
            [
              110.175,
              -7.648416
            ],
            [
              110.175055,
              -7.648416
            ],
            [
              110.175281,
              -7.648417
            ],
            [
              110.175281,
              -7.648342
            ],
            [
              110.175356,
              -7.648342
            ],
            [
              110.175409,
              -7.648302
            ],
            [
              110.175423,
              -7.648298
            ],
            [
              110.175429,
              -7.648288
            ],
            [
              110.17567,
              -7.648109
            ],
            [
              110.175883,
              -7.648193
            ],
            [
              110.176161,
              -7.648193
            ],
            [
              110.17617,
              -7.648196
            ],
            [
              110.176172,
              -7.648193
            ],
            [
              110.176259,
              -7.648193
            ],
            [
              110.17626,
              -7.648043
            ],
            [
              110.176335,
              -7.648043
            ],
            [
              110.176335,
              -7.647968
            ],
            [
              110.176336,
              -7.647668
            ],
            [
              110.176411,
              -7.647668
            ],
            [
              110.176411,
              -7.647638
            ],
            [
              110.176486,
              -7.647631
            ],
            [
              110.176502,
              -7.647629
            ],
            [
              110.176565,
              -7.647623
            ],
            [
              110.17662,
              -7.647618
            ],
            [
              110.176712,
              -7.647609
            ],
            [
              110.176712,
              -7.647669
            ],
            [
              110.176787,
              -7.647669
            ],
            [
              110.176862,
              -7.647669
            ],
            [
              110.177029,
              -7.647703
            ],
            [
              110.177088,
              -7.64782
            ],
            [
              110.177163,
              -7.64782
            ],
            [
              110.177163,
              -7.64797
            ],
            [
              110.177163,
              -7.648045
            ],
            [
              110.177238,
              -7.648045
            ],
            [
              110.177238,
              -7.64812
            ],
            [
              110.177313,
              -7.64812
            ],
            [
              110.177361,
              -7.648113
            ],
            [
              110.177508,
              -7.64809
            ],
            [
              110.177689,
              -7.648046
            ],
            [
              110.177751,
              -7.647957
            ],
            [
              110.17799,
              -7.647896
            ],
            [
              110.178141,
              -7.647897
            ],
            [
              110.178141,
              -7.647822
            ],
            [
              110.178216,
              -7.647822
            ],
            [
              110.178442,
              -7.647822
            ],
            [
              110.178442,
              -7.647897
            ],
            [
              110.1785,
              -7.647942
            ],
            [
              110.178119,
              -7.648452
            ],
            [
              110.178064,
              -7.648647
            ],
            [
              110.178064,
              -7.648722
            ],
            [
              110.178139,
              -7.648722
            ],
            [
              110.178139,
              -7.648797
            ],
            [
              110.17829,
              -7.648798
            ],
            [
              110.17829,
              -7.648723
            ],
            [
              110.178516,
              -7.648723
            ],
            [
              110.178515,
              -7.648798
            ],
            [
              110.178591,
              -7.648798
            ],
            [
              110.178666,
              -7.648798
            ],
            [
              110.178666,
              -7.648874
            ],
            [
              110.178741,
              -7.648874
            ],
            [
              110.178741,
              -7.648949
            ],
            [
              110.178876,
              -7.649186
            ],
            [
              110.178931,
              -7.649284
            ],
            [
              110.178962,
              -7.649664
            ],
            [
              110.178965,
              -7.6497
            ],
            [
              110.17904,
              -7.6497
            ],
            [
              110.17904,
              -7.649775
            ],
            [
              110.17904,
              -7.64985
            ],
            [
              110.179115,
              -7.64985
            ],
            [
              110.179115,
              -7.65015
            ],
            [
              110.179114,
              -7.650301
            ],
            [
              110.179114,
              -7.650526
            ],
            [
              110.179189,
              -7.650526
            ],
            [
              110.179189,
              -7.650601
            ],
            [
              110.17949,
              -7.650602
            ],
            [
              110.17973,
              -7.650572
            ],
            [
              110.179791,
              -7.650452
            ],
            [
              110.179766,
              -7.650327
            ],
            [
              110.179667,
              -7.650126
            ],
            [
              110.179642,
              -7.649851
            ],
            [
              110.179642,
              -7.649776
            ],
            [
              110.179642,
              -7.649701
            ],
            [
              110.179717,
              -7.649701
            ],
            [
              110.179718,
              -7.649476
            ],
            [
              110.179718,
              -7.649401
            ],
            [
              110.179793,
              -7.649401
            ],
            [
              110.179752,
              -7.648814
            ],
            [
              110.179569,
              -7.64865
            ],
            [
              110.179529,
              -7.64865
            ],
            [
              110.179494,
              -7.64865
            ],
            [
              110.179494,
              -7.648575
            ],
            [
              110.179325,
              -7.648522
            ],
            [
              110.179159,
              -7.647899
            ],
            [
              110.179355,
              -7.647582
            ],
            [
              110.179421,
              -7.647524
            ],
            [
              110.179421,
              -7.647449
            ],
            [
              110.179496,
              -7.647449
            ],
            [
              110.179496,
              -7.647374
            ],
            [
              110.179571,
              -7.647374
            ],
            [
              110.179572,
              -7.647299
            ],
            [
              110.179722,
              -7.647299
            ],
            [
              110.179797,
              -7.647299
            ],
            [
              110.179914,
              -7.647359
            ],
            [
              110.179981,
              -7.647691
            ],
            [
              110.180045,
              -7.647724
            ],
            [
              110.180097,
              -7.64775
            ],
            [
              110.180248,
              -7.647751
            ],
            [
              110.180248,
              -7.647676
            ],
            [
              110.180323,
              -7.647676
            ],
            [
              110.180447,
              -7.647498
            ],
            [
              110.180625,
              -7.647376
            ],
            [
              110.180625,
              -7.647301
            ],
            [
              110.1807,
              -7.647301
            ],
            [
              110.180975,
              -7.647121
            ],
            [
              110.180989,
              -7.647127
            ],
            [
              110.181121,
              -7.647182
            ],
            [
              110.181152,
              -7.647227
            ],
            [
              110.181252,
              -7.647277
            ],
            [
              110.181302,
              -7.647377
            ],
            [
              110.181377,
              -7.647377
            ],
            [
              110.181528,
              -7.647378
            ],
            [
              110.181528,
              -7.647303
            ],
            [
              110.181603,
              -7.647303
            ],
            [
              110.181603,
              -7.647228
            ],
            [
              110.181678,
              -7.647228
            ],
            [
              110.181679,
              -7.647153
            ],
            [
              110.181771,
              -7.647038
            ],
            [
              110.182491,
              -7.64695
            ],
            [
              110.182766,
              -7.647066
            ],
            [
              110.182847,
              -7.64755
            ],
            [
              110.182881,
              -7.647756
            ],
            [
              110.182883,
              -7.647756
            ],
            [
              110.182956,
              -7.647756
            ],
            [
              110.182956,
              -7.647831
            ],
            [
              110.182956,
              -7.647981
            ],
            [
              110.183122,
              -7.648063
            ],
            [
              110.183584,
              -7.647632
            ],
            [
              110.183709,
              -7.647607
            ],
            [
              110.183709,
              -7.647532
            ],
            [
              110.183785,
              -7.647532
            ],
            [
              110.183785,
              -7.647457
            ],
            [
              110.18386,
              -7.647457
            ],
            [
              110.183886,
              -7.647107
            ],
            [
              110.183936,
              -7.647007
            ],
            [
              110.183936,
              -7.646932
            ],
            [
              110.184011,
              -7.646932
            ],
            [
              110.184087,
              -7.646932
            ],
            [
              110.184113,
              -7.646881
            ],
            [
              110.184413,
              -7.646733
            ],
            [
              110.184539,
              -7.646708
            ],
            [
              110.184539,
              -7.646633
            ],
            [
              110.184614,
              -7.646633
            ],
            [
              110.184689,
              -7.646633
            ],
            [
              110.184689,
              -7.646558
            ],
            [
              110.184765,
              -7.646558
            ],
            [
              110.18484,
              -7.646558
            ],
            [
              110.18499,
              -7.646559
            ],
            [
              110.185291,
              -7.646484
            ],
            [
              110.185416,
              -7.646304
            ],
            [
              110.185593,
              -7.646259
            ],
            [
              110.185593,
              -7.646184
            ],
            [
              110.185668,
              -7.646184
            ],
            [
              110.185719,
              -7.646085
            ],
            [
              110.185819,
              -7.646035
            ],
            [
              110.185819,
              -7.64596
            ],
            [
              110.185894,
              -7.64596
            ],
            [
              110.186045,
              -7.64596
            ],
            [
              110.18612,
              -7.64596
            ],
            [
              110.186195,
              -7.64596
            ],
            [
              110.186346,
              -7.645961
            ],
            [
              110.186571,
              -7.645961
            ],
            [
              110.186571,
              -7.646036
            ],
            [
              110.186595,
              -7.646036
            ],
            [
              110.186646,
              -7.646036
            ],
            [
              110.186722,
              -7.646036
            ],
            [
              110.186722,
              -7.646111
            ],
            [
              110.18678,
              -7.64634
            ],
            [
              110.18678,
              -7.64634
            ],
            [
              110.18678,
              -7.64634
            ],
            [
              110.186802,
              -7.646426
            ],
            [
              110.187052,
              -7.646532
            ],
            [
              110.187398,
              -7.646563
            ],
            [
              110.187398,
              -7.646488
            ],
            [
              110.187473,
              -7.646488
            ],
            [
              110.187473,
              -7.646413
            ],
            [
              110.187549,
              -7.646413
            ],
            [
              110.187549,
              -7.646338
            ],
            [
              110.187624,
              -7.646338
            ],
            [
              110.187774,
              -7.646339
            ],
            [
              110.187808,
              -7.646297
            ],
            [
              110.188048,
              -7.646263
            ],
            [
              110.18838,
              -7.646215
            ],
            [
              110.188452,
              -7.645965
            ],
            [
              110.188452,
              -7.645889
            ],
            [
              110.188554,
              -7.645768
            ],
            [
              110.189489,
              -7.645675
            ],
            [
              110.189654,
              -7.645723
            ],
            [
              110.189732,
              -7.645817
            ],
            [
              110.189882,
              -7.645892
            ],
            [
              110.189957,
              -7.645892
            ],
            [
              110.189969,
              -7.64587
            ],
            [
              110.190008,
              -7.645793
            ],
            [
              110.190108,
              -7.645742
            ],
            [
              110.190108,
              -7.645592
            ],
            [
              110.190108,
              -7.645532
            ],
            [
              110.190122,
              -7.645517
            ],
            [
              110.190184,
              -7.645517
            ],
            [
              110.190334,
              -7.645518
            ],
            [
              110.190368,
              -7.645469
            ],
            [
              110.190817,
              -7.645174
            ],
            [
              110.191539,
              -7.645145
            ],
            [
              110.191539,
              -7.64507
            ],
            [
              110.191614,
              -7.64507
            ],
            [
              110.191765,
              -7.64507
            ],
            [
              110.19204,
              -7.645096
            ],
            [
              110.192141,
              -7.645146
            ],
            [
              110.192291,
              -7.645146
            ],
            [
              110.192291,
              -7.645221
            ],
            [
              110.192366,
              -7.645221
            ],
            [
              110.192366,
              -7.645296
            ],
            [
              110.192441,
              -7.645296
            ],
            [
              110.192517,
              -7.645297
            ],
            [
              110.192516,
              -7.645372
            ],
            [
              110.192667,
              -7.645372
            ],
            [
              110.192667,
              -7.645447
            ],
            [
              110.192767,
              -7.645498
            ]
          ]
        ]
      }
    },
    {
      "type": "Feature",
      "properties": {
        "OBJECTID": 18,
        "LEFT_FID": -1,
        "RIGHT_FID": 4,
        "Shape_Leng": 0.20213011287
      },
      "geometry": {
        "type": "MultiLineString",
        "coordinates": [
          [
            [
              110.254712,
              -7.642139
            ],
            [
              110.255238,
              -7.64229
            ],
            [
              110.255271,
              -7.642332
            ],
            [
              110.255422,
              -7.642332
            ],
            [
              110.255422,
              -7.642407
            ],
            [
              110.255729,
              -7.642464
            ],
            [
              110.256214,
              -7.642743
            ],
            [
              110.256706,
              -7.643051
            ],
            [
              110.256814,
              -7.643132
            ],
            [
              110.257168,
              -7.643398
            ],
            [
              110.257366,
              -7.643611
            ],
            [
              110.257376,
              -7.643622
            ],
            [
              110.257436,
              -7.643687
            ],
            [
              110.257455,
              -7.643707
            ],
            [
              110.257526,
              -7.643732
            ],
            [
              110.257601,
              -7.643758
            ],
            [
              110.257612,
              -7.643762
            ],
            [
              110.257752,
              -7.643811
            ],
            [
              110.257826,
              -7.643837
            ],
            [
              110.257901,
              -7.643864
            ],
            [
              110.257902,
              -7.643864
            ],
            [
              110.258128,
              -7.643886
            ],
            [
              110.258278,
              -7.6439
            ],
            [
              110.258354,
              -7.643907
            ],
            [
              110.258424,
              -7.643914
            ],
            [
              110.258504,
              -7.643921
            ],
            [
              110.258573,
              -7.643928
            ],
            [
              110.258654,
              -7.643946
            ],
            [
              110.258844,
              -7.643989
            ],
            [
              110.25888,
              -7.643998
            ],
            [
              110.25892,
              -7.644007
            ],
            [
              110.259106,
              -7.644036
            ],
            [
              110.259256,
              -7.64406
            ],
            [
              110.259256,
              -7.644065
            ],
            [
              110.259286,
              -7.644065
            ],
            [
              110.259407,
              -7.644084
            ],
            [
              110.259406,
              -7.64414
            ],
            [
              110.259557,
              -7.644141
            ],
            [
              110.259624,
              -7.644141
            ],
            [
              110.259632,
              -7.644144
            ],
            [
              110.259632,
              -7.644216
            ],
            [
              110.259707,
              -7.644216
            ],
            [
              110.259783,
              -7.644216
            ],
            [
              110.259782,
              -7.644291
            ],
            [
              110.259858,
              -7.644291
            ],
            [
              110.259933,
              -7.644291
            ],
            [
              110.259933,
              -7.644367
            ],
            [
              110.260008,
              -7.644367
            ],
            [
              110.260083,
              -7.644367
            ],
            [
              110.260083,
              -7.644442
            ],
            [
              110.260158,
              -7.644442
            ],
            [
              110.260272,
              -7.644442
            ],
            [
              110.260277,
              -7.644444
            ],
            [
              110.260309,
              -7.644462
            ],
            [
              110.260309,
              -7.644517
            ],
            [
              110.260384,
              -7.644517
            ],
            [
              110.260384,
              -7.644593
            ],
            [
              110.260511,
              -7.644618
            ],
            [
              110.261261,
              -7.644995
            ],
            [
              110.261286,
              -7.645044
            ],
            [
              110.261672,
              -7.645111
            ],
            [
              110.261737,
              -7.645195
            ],
            [
              110.262153,
              -7.645321
            ],
            [
              110.263213,
              -7.645725
            ],
            [
              110.263529,
              -7.645923
            ],
            [
              110.263617,
              -7.646024
            ],
            [
              110.263692,
              -7.646024
            ],
            [
              110.263692,
              -7.646099
            ],
            [
              110.263692,
              -7.646175
            ],
            [
              110.263767,
              -7.646175
            ],
            [
              110.263767,
              -7.64625
            ],
            [
              110.263817,
              -7.646275
            ],
            [
              110.263992,
              -7.646625
            ],
            [
              110.264032,
              -7.64666
            ],
            [
              110.264292,
              -7.647076
            ],
            [
              110.264417,
              -7.647327
            ],
            [
              110.264442,
              -7.647605
            ],
            [
              110.264446,
              -7.647654
            ],
            [
              110.264461,
              -7.647677
            ],
            [
              110.264517,
              -7.647762
            ],
            [
              110.264653,
              -7.647971
            ],
            [
              110.2648,
              -7.648228
            ],
            [
              110.26503,
              -7.648521
            ],
            [
              110.265274,
              -7.64882
            ],
            [
              110.265445,
              -7.64903
            ],
            [
              110.265492,
              -7.649088
            ],
            [
              110.265504,
              -7.649102
            ],
            [
              110.265598,
              -7.649172
            ],
            [
              110.265643,
              -7.649205
            ],
            [
              110.265711,
              -7.649256
            ],
            [
              110.265718,
              -7.649261
            ],
            [
              110.265903,
              -7.649398
            ],
            [
              110.265943,
              -7.649556
            ],
            [
              110.266018,
              -7.649556
            ],
            [
              110.266018,
              -7.649857
            ],
            [
              110.266018,
              -7.649932
            ],
            [
              110.265942,
              -7.649932
            ],
            [
              110.265903,
              -7.65018
            ],
            [
              110.265695,
              -7.650479
            ],
            [
              110.26549,
              -7.650531
            ],
            [
              110.265298,
              -7.650639
            ],
            [
              110.264963,
              -7.650906
            ],
            [
              110.264963,
              -7.650973
            ],
            [
              110.264954,
              -7.650981
            ],
            [
              110.264887,
              -7.650981
            ],
            [
              110.264887,
              -7.65104
            ],
            [
              110.26487,
              -7.651056
            ],
            [
              110.264812,
              -7.651056
            ],
            [
              110.264812,
              -7.651119
            ],
            [
              110.264802,
              -7.651131
            ],
            [
              110.264737,
              -7.651131
            ],
            [
              110.264736,
              -7.651206
            ],
            [
              110.264661,
              -7.651206
            ],
            [
              110.264661,
              -7.651281
            ],
            [
              110.264586,
              -7.65128
            ],
            [
              110.264586,
              -7.651356
            ],
            [
              110.264586,
              -7.651431
            ],
            [
              110.26451,
              -7.65143
            ],
            [
              110.26451,
              -7.651506
            ],
            [
              110.26451,
              -7.651569
            ],
            [
              110.264503,
              -7.651581
            ],
            [
              110.264435,
              -7.65158
            ],
            [
              110.264359,
              -7.65173
            ],
            [
              110.264359,
              -7.651806
            ],
            [
              110.264284,
              -7.651805
            ],
            [
              110.264208,
              -7.651955
            ],
            [
              110.264208,
              -7.652028
            ],
            [
              110.264207,
              -7.65203
            ],
            [
              110.264133,
              -7.65203
            ],
            [
              110.264133,
              -7.652105
            ],
            [
              110.264058,
              -7.652105
            ],
            [
              110.264058,
              -7.65218
            ],
            [
              110.263982,
              -7.65218
            ],
            [
              110.263982,
              -7.652255
            ],
            [
              110.263982,
              -7.65233
            ],
            [
              110.263981,
              -7.65233
            ],
            [
              110.263907,
              -7.65233
            ],
            [
              110.263907,
              -7.652405
            ],
            [
              110.263831,
              -7.652405
            ],
            [
              110.263831,
              -7.65248
            ],
            [
              110.263756,
              -7.65248
            ],
            [
              110.263756,
              -7.652555
            ],
            [
              110.263755,
              -7.65293
            ],
            [
              110.263755,
              -7.653156
            ],
            [
              110.26383,
              -7.653156
            ],
            [
              110.26383,
              -7.653306
            ],
            [
              110.263905,
              -7.653306
            ],
            [
              110.263905,
              -7.653381
            ],
            [
              110.26398,
              -7.653381
            ],
            [
              110.26398,
              -7.653456
            ],
            [
              110.26398,
              -7.653531
            ],
            [
              110.264047,
              -7.653532
            ],
            [
              110.264053,
              -7.653549
            ],
            [
              110.264055,
              -7.653553
            ],
            [
              110.264055,
              -7.653607
            ],
            [
              110.264055,
              -7.653757
            ],
            [
              110.26413,
              -7.653757
            ],
            [
              110.26413,
              -7.653982
            ],
            [
              110.26413,
              -7.654057
            ],
            [
              110.264205,
              -7.654057
            ],
            [
              110.264205,
              -7.654132
            ],
            [
              110.264204,
              -7.654433
            ],
            [
              110.264254,
              -7.654458
            ],
            [
              110.264429,
              -7.654808
            ],
            [
              110.264429,
              -7.654883
            ],
            [
              110.264429,
              -7.654958
            ],
            [
              110.264504,
              -7.654959
            ],
            [
              110.264504,
              -7.655184
            ],
            [
              110.264579,
              -7.655184
            ],
            [
              110.264579,
              -7.655259
            ],
            [
              110.264579,
              -7.655409
            ],
            [
              110.264578,
              -7.655559
            ],
            [
              110.264578,
              -7.655709
            ],
            [
              110.264503,
              -7.655709
            ],
            [
              110.264444,
              -7.655826
            ],
            [
              110.264277,
              -7.655859
            ],
            [
              110.264126,
              -7.655934
            ],
            [
              110.264126,
              -7.656009
            ],
            [
              110.264051,
              -7.656009
            ],
            [
              110.264051,
              -7.656084
            ],
            [
              110.263976,
              -7.656084
            ],
            [
              110.263976,
              -7.656159
            ],
            [
              110.2639,
              -7.656159
            ],
            [
              110.2639,
              -7.656299
            ],
            [
              110.263892,
              -7.656309
            ],
            [
              110.263825,
              -7.656309
            ],
            [
              110.263825,
              -7.656384
            ],
            [
              110.263749,
              -7.656383
            ],
            [
              110.263749,
              -7.656459
            ],
            [
              110.263674,
              -7.656458
            ],
            [
              110.263641,
              -7.656576
            ],
            [
              110.26347,
              -7.657007
            ],
            [
              110.263339,
              -7.657476
            ],
            [
              110.263296,
              -7.657509
            ],
            [
              110.263296,
              -7.657734
            ],
            [
              110.263296,
              -7.657809
            ],
            [
              110.26322,
              -7.657809
            ],
            [
              110.26322,
              -7.657884
            ],
            [
              110.26322,
              -7.657959
            ],
            [
              110.26322,
              -7.658109
            ],
            [
              110.263145,
              -7.658109
            ],
            [
              110.263144,
              -7.658259
            ],
            [
              110.263144,
              -7.658484
            ],
            [
              110.263069,
              -7.658484
            ],
            [
              110.263068,
              -7.658859
            ],
            [
              110.262993,
              -7.658859
            ],
            [
              110.262992,
              -7.65946
            ],
            [
              110.262992,
              -7.659535
            ],
            [
              110.262991,
              -7.65961
            ],
            [
              110.262916,
              -7.65961
            ],
            [
              110.262915,
              -7.66021
            ],
            [
              110.262915,
              -7.66036
            ],
            [
              110.262914,
              -7.660661
            ],
            [
              110.262945,
              -7.661005
            ],
            [
              110.263064,
              -7.661186
            ],
            [
              110.263139,
              -7.661187
            ],
            [
              110.263139,
              -7.661262
            ],
            [
              110.26329,
              -7.661262
            ],
            [
              110.263365,
              -7.661262
            ],
            [
              110.263515,
              -7.661262
            ],
            [
              110.263515,
              -7.661187
            ],
            [
              110.263666,
              -7.661187
            ],
            [
              110.263892,
              -7.661188
            ],
            [
              110.264343,
              -7.661189
            ],
            [
              110.264494,
              -7.661189
            ],
            [
              110.264493,
              -7.661264
            ],
            [
              110.264644,
              -7.661264
            ],
            [
              110.264794,
              -7.661264
            ],
            [
              110.264794,
              -7.66134
            ],
            [
              110.26487,
              -7.66134
            ],
            [
              110.264945,
              -7.66134
            ],
            [
              110.265213,
              -7.661448
            ],
            [
              110.265246,
              -7.66149
            ],
            [
              110.265321,
              -7.661491
            ],
            [
              110.265396,
              -7.661491
            ],
            [
              110.265396,
              -7.661566
            ],
            [
              110.265546,
              -7.661566
            ],
            [
              110.265546,
              -7.661641
            ],
            [
              110.265621,
              -7.661641
            ],
            [
              110.265772,
              -7.661641
            ],
            [
              110.265772,
              -7.661717
            ],
            [
              110.265847,
              -7.661717
            ],
            [
              110.265847,
              -7.661792
            ],
            [
              110.265978,
              -7.661828
            ],
            [
              110.266265,
              -7.66205
            ],
            [
              110.266298,
              -7.662093
            ],
            [
              110.266373,
              -7.662093
            ],
            [
              110.266373,
              -7.662168
            ],
            [
              110.266551,
              -7.662291
            ],
            [
              110.266673,
              -7.662469
            ],
            [
              110.266724,
              -7.662504
            ],
            [
              110.266868,
              -7.662725
            ],
            [
              110.266899,
              -7.662844
            ],
            [
              110.266974,
              -7.662845
            ],
            [
              110.266974,
              -7.66292
            ],
            [
              110.266974,
              -7.662995
            ],
            [
              110.267049,
              -7.662995
            ],
            [
              110.267049,
              -7.66307
            ],
            [
              110.267048,
              -7.663295
            ],
            [
              110.267123,
              -7.663295
            ],
            [
              110.267122,
              -7.664046
            ],
            [
              110.267122,
              -7.664271
            ],
            [
              110.267216,
              -7.664339
            ],
            [
              110.267214,
              -7.664355
            ],
            [
              110.267122,
              -7.664421
            ],
            [
              110.267067,
              -7.66516
            ],
            [
              110.26697,
              -7.665247
            ],
            [
              110.266969,
              -7.665397
            ],
            [
              110.266894,
              -7.665397
            ],
            [
              110.266894,
              -7.665472
            ],
            [
              110.266894,
              -7.665547
            ],
            [
              110.266819,
              -7.665547
            ],
            [
              110.266768,
              -7.665646
            ],
            [
              110.266668,
              -7.665697
            ],
            [
              110.266668,
              -7.665772
            ],
            [
              110.266593,
              -7.665771
            ],
            [
              110.266592,
              -7.665847
            ],
            [
              110.266517,
              -7.665846
            ],
            [
              110.26632,
              -7.6661
            ],
            [
              110.266065,
              -7.666296
            ],
            [
              110.266014,
              -7.666396
            ],
            [
              110.265914,
              -7.666446
            ],
            [
              110.265808,
              -7.66664
            ],
            [
              110.265537,
              -7.667046
            ],
            [
              110.265537,
              -7.667121
            ],
            [
              110.265462,
              -7.667121
            ],
            [
              110.265436,
              -7.667246
            ],
            [
              110.265386,
              -7.667346
            ],
            [
              110.265275,
              -7.667836
            ],
            [
              110.265235,
              -7.667871
            ],
            [
              110.265234,
              -7.668096
            ],
            [
              110.265234,
              -7.668246
            ],
            [
              110.265234,
              -7.668396
            ],
            [
              110.265202,
              -7.668666
            ],
            [
              110.265158,
              -7.668847
            ],
            [
              110.265157,
              -7.669072
            ],
            [
              110.265157,
              -7.669297
            ],
            [
              110.265156,
              -7.669522
            ],
            [
              110.265232,
              -7.669522
            ],
            [
              110.265231,
              -7.669748
            ],
            [
              110.265263,
              -7.670541
            ],
            [
              110.265305,
              -7.670799
            ],
            [
              110.265304,
              -7.671324
            ],
            [
              110.265346,
              -7.671357
            ],
            [
              110.265411,
              -7.671592
            ],
            [
              110.265561,
              -7.671972
            ],
            [
              110.265603,
              -7.672225
            ],
            [
              110.265679,
              -7.672225
            ],
            [
              110.265678,
              -7.672376
            ],
            [
              110.265728,
              -7.672476
            ],
            [
              110.265753,
              -7.672751
            ],
            [
              110.265828,
              -7.672751
            ],
            [
              110.265828,
              -7.673051
            ],
            [
              110.265903,
              -7.673052
            ],
            [
              110.265902,
              -7.673652
            ],
            [
              110.265827,
              -7.673652
            ],
            [
              110.265826,
              -7.673952
            ],
            [
              110.265751,
              -7.673952
            ],
            [
              110.26575,
              -7.674177
            ],
            [
              110.265675,
              -7.674177
            ],
            [
              110.265675,
              -7.674252
            ],
            [
              110.265613,
              -7.674491
            ],
            [
              110.265524,
              -7.674552
            ],
            [
              110.265524,
              -7.674702
            ],
            [
              110.265524,
              -7.674777
            ],
            [
              110.265448,
              -7.674777
            ],
            [
              110.265448,
              -7.674852
            ],
            [
              110.265448,
              -7.674927
            ],
            [
              110.265373,
              -7.674927
            ],
            [
              110.265373,
              -7.675002
            ],
            [
              110.265373,
              -7.675042
            ],
            [
              110.265347,
              -7.675067
            ],
            [
              110.265338,
              -7.675077
            ],
            [
              110.265297,
              -7.675077
            ],
            [
              110.265297,
              -7.675125
            ],
            [
              110.265274,
              -7.675152
            ],
            [
              110.265222,
              -7.675214
            ],
            [
              110.26521,
              -7.675227
            ],
            [
              110.265147,
              -7.675302
            ],
            [
              110.265082,
              -7.675377
            ],
            [
              110.265071,
              -7.67539
            ],
            [
              110.265018,
              -7.675452
            ],
            [
              110.264996,
              -7.675479
            ],
            [
              110.264954,
              -7.675527
            ],
            [
              110.26492,
              -7.675567
            ],
            [
              110.264891,
              -7.675602
            ],
            [
              110.264845,
              -7.675655
            ],
            [
              110.264827,
              -7.675677
            ],
            [
              110.26477,
              -7.675744
            ],
            [
              110.264763,
              -7.675752
            ],
            [
              110.264699,
              -7.675827
            ],
            [
              110.264677,
              -7.675853
            ],
            [
              110.264635,
              -7.675902
            ],
            [
              110.264634,
              -7.675903
            ],
            [
              110.264619,
              -7.675921
            ],
            [
              110.264571,
              -7.675977
            ],
            [
              110.264393,
              -7.676186
            ],
            [
              110.264379,
              -7.676202
            ],
            [
              110.264317,
              -7.676274
            ],
            [
              110.264251,
              -7.676352
            ],
            [
              110.264242,
              -7.676363
            ],
            [
              110.264208,
              -7.676403
            ],
            [
              110.264187,
              -7.676427
            ],
            [
              110.264166,
              -7.676451
            ],
            [
              110.264123,
              -7.676502
            ],
            [
              110.264091,
              -7.676539
            ],
            [
              110.264016,
              -7.676628
            ],
            [
              110.263995,
              -7.676651
            ],
            [
              110.26394,
              -7.676716
            ],
            [
              110.263923,
              -7.676736
            ],
            [
              110.263886,
              -7.676801
            ],
            [
              110.263865,
              -7.676837
            ],
            [
              110.263842,
              -7.676876
            ],
            [
              110.263799,
              -7.676951
            ],
            [
              110.263789,
              -7.676968
            ],
            [
              110.263756,
              -7.677026
            ],
            [
              110.263714,
              -7.677099
            ],
            [
              110.263713,
              -7.677101
            ],
            [
              110.263669,
              -7.677176
            ],
            [
              110.263638,
              -7.677176
            ],
            [
              110.263563,
              -7.677326
            ],
            [
              110.263563,
              -7.677381
            ],
            [
              110.263553,
              -7.677401
            ],
            [
              110.263488,
              -7.677401
            ],
            [
              110.263487,
              -7.677476
            ],
            [
              110.263412,
              -7.677476
            ],
            [
              110.263412,
              -7.677551
            ],
            [
              110.263412,
              -7.677626
            ],
            [
              110.263337,
              -7.677626
            ],
            [
              110.263337,
              -7.677701
            ],
            [
              110.263336,
              -7.677851
            ],
            [
              110.263261,
              -7.677851
            ],
            [
              110.263261,
              -7.677926
            ],
            [
              110.263261,
              -7.678001
            ],
            [
              110.263186,
              -7.678001
            ],
            [
              110.263185,
              -7.678151
            ],
            [
              110.263185,
              -7.678226
            ],
            [
              110.26311,
              -7.678226
            ],
            [
              110.26311,
              -7.678376
            ],
            [
              110.26311,
              -7.678451
            ],
            [
              110.263034,
              -7.678451
            ],
            [
              110.263034,
              -7.678601
            ],
            [
              110.263034,
              -7.678752
            ],
            [
              110.262959,
              -7.678751
            ],
            [
              110.262958,
              -7.678977
            ],
            [
              110.262957,
              -7.679352
            ],
            [
              110.262882,
              -7.679352
            ],
            [
              110.262881,
              -7.679775
            ],
            [
              110.26288,
              -7.680403
            ],
            [
              110.262956,
              -7.680403
            ],
            [
              110.262956,
              -7.680478
            ],
            [
              110.263031,
              -7.680478
            ],
            [
              110.263031,
              -7.680553
            ],
            [
              110.26313,
              -7.680604
            ],
            [
              110.263181,
              -7.680704
            ],
            [
              110.263451,
              -7.680735
            ],
            [
              110.263632,
              -7.680779
            ],
            [
              110.263679,
              -7.680779
            ],
            [
              110.263684,
              -7.680782
            ],
            [
              110.263707,
              -7.680791
            ],
            [
              110.263753,
              -7.68081
            ],
            [
              110.263783,
              -7.680821
            ],
            [
              110.263783,
              -7.680855
            ],
            [
              110.263983,
              -7.680887
            ],
            [
              110.264034,
              -7.6809
            ],
            [
              110.264158,
              -7.681081
            ],
            [
              110.264208,
              -7.681106
            ],
            [
              110.264309,
              -7.681306
            ],
            [
              110.264308,
              -7.681381
            ],
            [
              110.264308,
              -7.681423
            ],
            [
              110.264308,
              -7.681456
            ],
            [
              110.264314,
              -7.681456
            ],
            [
              110.264384,
              -7.681456
            ],
            [
              110.264383,
              -7.681681
            ],
            [
              110.264383,
              -7.681885
            ],
            [
              110.264365,
              -7.681926
            ],
            [
              110.264342,
              -7.681982
            ],
            [
              110.264335,
              -7.681999
            ],
            [
              110.264313,
              -7.682057
            ],
            [
              110.264307,
              -7.682057
            ],
            [
              110.264307,
              -7.682072
            ],
            [
              110.264307,
              -7.682072
            ],
            [
              110.264285,
              -7.682132
            ],
            [
              110.26428,
              -7.682147
            ],
            [
              110.264258,
              -7.682207
            ],
            [
              110.264232,
              -7.682207
            ],
            [
              110.264232,
              -7.682278
            ],
            [
              110.26423,
              -7.682282
            ],
            [
              110.264225,
              -7.682295
            ],
            [
              110.264201,
              -7.682357
            ],
            [
              110.264156,
              -7.682357
            ],
            [
              110.264106,
              -7.682532
            ],
            [
              110.26372,
              -7.682757
            ],
            [
              110.263328,
              -7.682806
            ],
            [
              110.263177,
              -7.682805
            ],
            [
              110.263177,
              -7.68288
            ],
            [
              110.262951,
              -7.68288
            ],
            [
              110.262951,
              -7.682955
            ],
            [
              110.262876,
              -7.682955
            ],
            [
              110.262876,
              -7.68303
            ],
            [
              110.262801,
              -7.68303
            ],
            [
              110.26265,
              -7.683105
            ],
            [
              110.26265,
              -7.68318
            ],
            [
              110.262586,
              -7.68318
            ],
            [
              110.262575,
              -7.68318
            ],
            [
              110.262575,
              -7.68319
            ],
            [
              110.262575,
              -7.683255
            ],
            [
              110.262501,
              -7.683255
            ],
            [
              110.262499,
              -7.683255
            ],
            [
              110.262499,
              -7.683257
            ],
            [
              110.262499,
              -7.68333
            ],
            [
              110.262424,
              -7.68333
            ],
            [
              110.262348,
              -7.683479
            ],
            [
              110.262215,
              -7.683546
            ],
            [
              110.262198,
              -7.683554
            ],
            [
              110.262195,
              -7.683568
            ],
            [
              110.262164,
              -7.68372
            ],
            [
              110.262047,
              -7.683779
            ],
            [
              110.262047,
              -7.683854
            ],
            [
              110.261972,
              -7.683854
            ],
            [
              110.261971,
              -7.683929
            ],
            [
              110.261896,
              -7.683929
            ],
            [
              110.261896,
              -7.684004
            ],
            [
              110.261821,
              -7.684004
            ],
            [
              110.261821,
              -7.684079
            ],
            [
              110.261745,
              -7.684079
            ],
            [
              110.261622,
              -7.684256
            ],
            [
              110.261444,
              -7.684379
            ],
            [
              110.261444,
              -7.684454
            ],
            [
              110.261368,
              -7.684454
            ],
            [
              110.261292,
              -7.684603
            ],
            [
              110.261142,
              -7.684678
            ],
            [
              110.261142,
              -7.684754
            ],
            [
              110.261067,
              -7.684753
            ],
            [
              110.261067,
              -7.684904
            ],
            [
              110.260991,
              -7.684903
            ],
            [
              110.260991,
              -7.685054
            ],
            [
              110.260916,
              -7.685053
            ],
            [
              110.260916,
              -7.685204
            ],
            [
              110.260916,
              -7.685279
            ],
            [
              110.26084,
              -7.685278
            ],
            [
              110.26084,
              -7.685429
            ],
            [
              110.26084,
              -7.685504
            ],
            [
              110.260765,
              -7.685504
            ],
            [
              110.260765,
              -7.685579
            ],
            [
              110.260764,
              -7.685654
            ],
            [
              110.260764,
              -7.685804
            ],
            [
              110.260689,
              -7.685804
            ],
            [
              110.260689,
              -7.685879
            ],
            [
              110.260736,
              -7.686352
            ],
            [
              110.260739,
              -7.686359
            ],
            [
              110.260723,
              -7.686546
            ],
            [
              110.260732,
              -7.686603
            ],
            [
              110.260735,
              -7.68663
            ],
            [
              110.260747,
              -7.686711
            ],
            [
              110.260775,
              -7.686899
            ],
            [
              110.260794,
              -7.68692
            ],
            [
              110.260988,
              -7.687138
            ],
            [
              110.261003,
              -7.687155
            ],
            [
              110.26102,
              -7.687175
            ],
            [
              110.261025,
              -7.68718
            ],
            [
              110.261117,
              -7.687264
            ],
            [
              110.261138,
              -7.687306
            ],
            [
              110.261162,
              -7.687306
            ],
            [
              110.261213,
              -7.687353
            ],
            [
              110.261213,
              -7.687381
            ],
            [
              110.261263,
              -7.687406
            ],
            [
              110.26135,
              -7.687581
            ],
            [
              110.261363,
              -7.687606
            ],
            [
              110.261379,
              -7.687611
            ],
            [
              110.261494,
              -7.687643
            ],
            [
              110.261781,
              -7.687865
            ],
            [
              110.261814,
              -7.687907
            ],
            [
              110.261939,
              -7.687933
            ],
            [
              110.26204,
              -7.687983
            ],
            [
              110.26219,
              -7.687983
            ],
            [
              110.262341,
              -7.687983
            ],
            [
              110.26234,
              -7.688058
            ],
            [
              110.262772,
              -7.687953
            ],
            [
              110.263062,
              -7.688015
            ],
            [
              110.263093,
              -7.68806
            ],
            [
              110.263168,
              -7.68806
            ],
            [
              110.263243,
              -7.68806
            ],
            [
              110.263243,
              -7.688124
            ],
            [
              110.263243,
              -7.688135
            ],
            [
              110.263282,
              -7.688135
            ],
            [
              110.263319,
              -7.688135
            ],
            [
              110.263394,
              -7.688135
            ],
            [
              110.263394,
              -7.68821
            ],
            [
              110.263394,
              -7.688265
            ],
            [
              110.263394,
              -7.688285
            ],
            [
              110.263408,
              -7.688285
            ],
            [
              110.263469,
              -7.688286
            ],
            [
              110.263469,
              -7.688361
            ],
            [
              110.263544,
              -7.688361
            ],
            [
              110.263544,
              -7.688436
            ],
            [
              110.263544,
              -7.688484
            ],
            [
              110.263544,
              -7.688511
            ],
            [
              110.263562,
              -7.688511
            ],
            [
              110.263619,
              -7.688511
            ],
            [
              110.263619,
              -7.688586
            ],
            [
              110.263669,
              -7.688686
            ],
            [
              110.263671,
              -7.688699
            ],
            [
              110.263694,
              -7.688811
            ],
            [
              110.26372,
              -7.688811
            ],
            [
              110.263769,
              -7.688812
            ],
            [
              110.263769,
              -7.688955
            ],
            [
              110.263769,
              -7.688962
            ],
            [
              110.263771,
              -7.688962
            ],
            [
              110.263844,
              -7.688962
            ],
            [
              110.263844,
              -7.689112
            ],
            [
              110.263919,
              -7.689112
            ],
            [
              110.263919,
              -7.689187
            ],
            [
              110.263918,
              -7.68933
            ],
            [
              110.263918,
              -7.689337
            ],
            [
              110.263925,
              -7.689337
            ],
            [
              110.263994,
              -7.689337
            ],
            [
              110.263994,
              -7.689396
            ],
            [
              110.263994,
              -7.689412
            ],
            [
              110.264013,
              -7.689413
            ],
            [
              110.264069,
              -7.689413
            ],
            [
              110.264069,
              -7.689459
            ],
            [
              110.264069,
              -7.689488
            ],
            [
              110.264103,
              -7.689488
            ],
            [
              110.264144,
              -7.689488
            ],
            [
              110.264144,
              -7.689527
            ],
            [
              110.264144,
              -7.689563
            ],
            [
              110.264179,
              -7.689563
            ],
            [
              110.264219,
              -7.689563
            ],
            [
              110.264219,
              -7.689603
            ],
            [
              110.264219,
              -7.689638
            ],
            [
              110.264254,
              -7.689638
            ],
            [
              110.264294,
              -7.689638
            ],
            [
              110.264294,
              -7.689679
            ],
            [
              110.264294,
              -7.689713
            ],
            [
              110.264323,
              -7.689713
            ],
            [
              110.264328,
              -7.689713
            ],
            [
              110.264369,
              -7.689713
            ],
            [
              110.264445,
              -7.689714
            ],
            [
              110.264444,
              -7.689789
            ],
            [
              110.26452,
              -7.689789
            ],
            [
              110.26452,
              -7.689864
            ],
            [
              110.264595,
              -7.689864
            ],
            [
              110.264595,
              -7.689939
            ],
            [
              110.26467,
              -7.689939
            ],
            [
              110.26467,
              -7.690014
            ],
            [
              110.264745,
              -7.690014
            ],
            [
              110.264745,
              -7.690089
            ],
            [
              110.26482,
              -7.690089
            ],
            [
              110.264895,
              -7.69009
            ],
            [
              110.264895,
              -7.690165
            ],
            [
              110.264971,
              -7.690165
            ],
            [
              110.26497,
              -7.69024
            ],
            [
              110.265046,
              -7.69024
            ],
            [
              110.265046,
              -7.690315
            ],
            [
              110.265121,
              -7.690315
            ],
            [
              110.265121,
              -7.69039
            ],
            [
              110.265196,
              -7.69039
            ],
            [
              110.265196,
              -7.690465
            ],
            [
              110.265271,
              -7.690466
            ],
            [
              110.265271,
              -7.690541
            ],
            [
              110.26549,
              -7.690597
            ],
            [
              110.265571,
              -7.690916
            ],
            [
              110.265646,
              -7.690917
            ],
            [
              110.265646,
              -7.691067
            ],
            [
              110.265721,
              -7.691067
            ],
            [
              110.265721,
              -7.691292
            ],
            [
              110.265721,
              -7.691481
            ],
            [
              110.265721,
              -7.691583
            ],
            [
              110.26572,
              -7.691818
            ],
            [
              110.265719,
              -7.692493
            ],
            [
              110.265718,
              -7.692943
            ],
            [
              110.265718,
              -7.693019
            ],
            [
              110.265718,
              -7.693244
            ],
            [
              110.265793,
              -7.693244
            ],
            [
              110.265792,
              -7.693544
            ],
            [
              110.265868,
              -7.693544
            ],
            [
              110.265867,
              -7.693769
            ],
            [
              110.265943,
              -7.69377
            ],
            [
              110.265942,
              -7.693845
            ],
            [
              110.265942,
              -7.69392
            ],
            [
              110.266018,
              -7.69392
            ],
            [
              110.266017,
              -7.69407
            ],
            [
              110.266093,
              -7.69407
            ],
            [
              110.266092,
              -7.694145
            ],
            [
              110.266168,
              -7.694145
            ],
            [
              110.266168,
              -7.69422
            ],
            [
              110.266318,
              -7.694221
            ],
            [
              110.266318,
              -7.694296
            ],
            [
              110.266393,
              -7.694296
            ],
            [
              110.266468,
              -7.694296
            ],
            [
              110.266468,
              -7.694371
            ],
            [
              110.266544,
              -7.694371
            ],
            [
              110.266619,
              -7.694371
            ],
            [
              110.266619,
              -7.694446
            ],
            [
              110.266694,
              -7.694446
            ],
            [
              110.266769,
              -7.694447
            ],
            [
              110.266769,
              -7.694522
            ],
            [
              110.266844,
              -7.694522
            ],
            [
              110.266844,
              -7.694597
            ],
            [
              110.266919,
              -7.694597
            ],
            [
              110.266919,
              -7.694671
            ],
            [
              110.266919,
              -7.694672
            ],
            [
              110.266921,
              -7.694672
            ],
            [
              110.266994,
              -7.694672
            ],
            [
              110.266994,
              -7.694747
            ],
            [
              110.26707,
              -7.694747
            ],
            [
              110.267069,
              -7.694822
            ],
            [
              110.267145,
              -7.694823
            ],
            [
              110.267145,
              -7.694898
            ],
            [
              110.26722,
              -7.694898
            ],
            [
              110.26722,
              -7.694973
            ],
            [
              110.26722,
              -7.695015
            ],
            [
              110.26722,
              -7.695048
            ],
            [
              110.267247,
              -7.695048
            ],
            [
              110.267295,
              -7.695048
            ],
            [
              110.267295,
              -7.695117
            ],
            [
              110.267295,
              -7.695123
            ],
            [
              110.267298,
              -7.695123
            ],
            [
              110.26737,
              -7.695123
            ],
            [
              110.26737,
              -7.695198
            ],
            [
              110.267445,
              -7.695198
            ],
            [
              110.267445,
              -7.695273
            ],
            [
              110.267445,
              -7.695349
            ],
            [
              110.26752,
              -7.695349
            ],
            [
              110.26752,
              -7.695424
            ],
            [
              110.26752,
              -7.695499
            ],
            [
              110.267595,
              -7.695499
            ],
            [
              110.267595,
              -7.695574
            ],
            [
              110.26767,
              -7.695574
            ],
            [
              110.26767,
              -7.695724
            ],
            [
              110.267745,
              -7.695724
            ],
            [
              110.267745,
              -7.695874
            ],
            [
              110.26782,
              -7.695875
            ],
            [
              110.26782,
              -7.69595
            ],
            [
              110.26782,
              -7.696025
            ],
            [
              110.267895,
              -7.696025
            ],
            [
              110.267895,
              -7.6961
            ],
            [
              110.26797,
              -7.6961
            ],
            [
              110.26797,
              -7.696175
            ],
            [
              110.26797,
              -7.69625
            ],
            [
              110.268045,
              -7.69625
            ],
            [
              110.268045,
              -7.696325
            ],
            [
              110.268045,
              -7.6964
            ],
            [
              110.268162,
              -7.69646
            ],
            [
              110.268195,
              -7.696626
            ],
            [
              110.268284,
              -7.696687
            ],
            [
              110.268345,
              -7.696926
            ],
            [
              110.26842,
              -7.696927
            ],
            [
              110.26842,
              -7.697077
            ],
            [
              110.268524,
              -7.69716
            ],
            [
              110.26855,
              -7.697363
            ],
            [
              110.26857,
              -7.697527
            ],
            [
              110.268594,
              -7.697527
            ],
            [
              110.268645,
              -7.697527
            ],
            [
              110.268645,
              -7.697828
            ],
            [
              110.268569,
              -7.697828
            ],
            [
              110.268569,
              -7.697978
            ],
            [
              110.268569,
              -7.698053
            ],
            [
              110.268494,
              -7.698053
            ],
            [
              110.268493,
              -7.698203
            ],
            [
              110.268418,
              -7.698203
            ],
            [
              110.268418,
              -7.698353
            ],
            [
              110.268343,
              -7.698353
            ],
            [
              110.268342,
              -7.698503
            ],
            [
              110.268342,
              -7.698578
            ],
            [
              110.268267,
              -7.698578
            ],
            [
              110.268267,
              -7.698664
            ],
            [
              110.268267,
              -7.698803
            ],
            [
              110.268304,
              -7.698803
            ],
            [
              110.268342,
              -7.698803
            ],
            [
              110.268342,
              -7.698878
            ],
            [
              110.268371,
              -7.699053
            ],
            [
              110.268391,
              -7.699171
            ],
            [
              110.268419,
              -7.699232
            ],
            [
              110.268759,
              -7.699962
            ],
            [
              110.268774,
              -7.700018
            ],
            [
              110.268791,
              -7.70008
            ],
            [
              110.268808,
              -7.70008
            ],
            [
              110.268866,
              -7.70008
            ],
            [
              110.268866,
              -7.700155
            ],
            [
              110.268866,
              -7.700186
            ],
            [
              110.268866,
              -7.70023
            ],
            [
              110.268891,
              -7.70023
            ],
            [
              110.268941,
              -7.70023
            ],
            [
              110.268941,
              -7.700305
            ],
            [
              110.269017,
              -7.700305
            ],
            [
              110.269016,
              -7.700381
            ],
            [
              110.269092,
              -7.700381
            ],
            [
              110.269092,
              -7.700456
            ],
            [
              110.269091,
              -7.700531
            ],
            [
              110.269167,
              -7.700531
            ],
            [
              110.269167,
              -7.700606
            ],
            [
              110.269242,
              -7.700606
            ],
            [
              110.269242,
              -7.700756
            ],
            [
              110.269317,
              -7.700756
            ],
            [
              110.269317,
              -7.700831
            ],
            [
              110.269392,
              -7.700832
            ],
            [
              110.269392,
              -7.700907
            ],
            [
              110.269473,
              -7.700976
            ],
            [
              110.269692,
              -7.701358
            ],
            [
              110.269767,
              -7.701358
            ],
            [
              110.269767,
              -7.701433
            ],
            [
              110.269848,
              -7.701502
            ],
            [
              110.270067,
              -7.701884
            ],
            [
              110.270106,
              -7.701884
            ],
            [
              110.270143,
              -7.701942
            ],
            [
              110.270142,
              -7.702034
            ],
            [
              110.2702,
              -7.702034
            ],
            [
              110.270218,
              -7.702061
            ],
            [
              110.270217,
              -7.702109
            ],
            [
              110.270248,
              -7.702109
            ],
            [
              110.270293,
              -7.70218
            ],
            [
              110.270293,
              -7.702184
            ],
            [
              110.270292,
              -7.702259
            ],
            [
              110.270343,
              -7.702259
            ],
            [
              110.270368,
              -7.702299
            ],
            [
              110.270367,
              -7.70241
            ],
            [
              110.270367,
              -7.702485
            ],
            [
              110.270443,
              -7.702485
            ],
            [
              110.270442,
              -7.702635
            ],
            [
              110.270518,
              -7.702635
            ],
            [
              110.270517,
              -7.702785
            ],
            [
              110.270581,
              -7.702785
            ],
            [
              110.270593,
              -7.702818
            ],
            [
              110.270592,
              -7.702935
            ],
            [
              110.270592,
              -7.703011
            ],
            [
              110.270663,
              -7.703011
            ],
            [
              110.270667,
              -7.703023
            ],
            [
              110.270667,
              -7.703236
            ],
            [
              110.270692,
              -7.703361
            ],
            [
              110.270742,
              -7.703461
            ],
            [
              110.270742,
              -7.703536
            ],
            [
              110.270741,
              -7.703761
            ],
            [
              110.270741,
              -7.704212
            ],
            [
              110.27074,
              -7.704287
            ],
            [
              110.27074,
              -7.704437
            ],
            [
              110.270715,
              -7.704637
            ],
            [
              110.270664,
              -7.704737
            ],
            [
              110.270664,
              -7.704812
            ],
            [
              110.27063,
              -7.704978
            ],
            [
              110.270513,
              -7.705037
            ],
            [
              110.270462,
              -7.705333
            ],
            [
              110.270405,
              -7.705472
            ],
            [
              110.270287,
              -7.705562
            ],
            [
              110.270287,
              -7.705637
            ],
            [
              110.270211,
              -7.705637
            ],
            [
              110.270211,
              -7.705712
            ],
            [
              110.270136,
              -7.705712
            ],
            [
              110.270136,
              -7.705787
            ],
            [
              110.270061,
              -7.705787
            ],
            [
              110.269889,
              -7.706035
            ],
            [
              110.269684,
              -7.706087
            ],
            [
              110.269684,
              -7.706162
            ],
            [
              110.269609,
              -7.706162
            ],
            [
              110.269608,
              -7.706237
            ],
            [
              110.269533,
              -7.706236
            ],
            [
              110.269533,
              -7.706312
            ],
            [
              110.269458,
              -7.706311
            ],
            [
              110.269458,
              -7.706386
            ],
            [
              110.269382,
              -7.706386
            ],
            [
              110.269307,
              -7.706386
            ],
            [
              110.269307,
              -7.706461
            ],
            [
              110.269232,
              -7.706461
            ],
            [
              110.269232,
              -7.706536
            ],
            [
              110.269156,
              -7.706536
            ],
            [
              110.269156,
              -7.706611
            ],
            [
              110.269081,
              -7.706611
            ],
            [
              110.269056,
              -7.706661
            ],
            [
              110.268855,
              -7.706761
            ],
            [
              110.268855,
              -7.706836
            ],
            [
              110.26878,
              -7.706836
            ],
            [
              110.268718,
              -7.706957
            ],
            [
              110.268403,
              -7.706985
            ],
            [
              110.268403,
              -7.70706
            ],
            [
              110.267951,
              -7.70706
            ],
            [
              110.267876,
              -7.707059
            ],
            [
              110.26765,
              -7.707059
            ],
            [
              110.267469,
              -7.707014
            ],
            [
              110.267079,
              -7.706952
            ],
            [
              110.266637,
              -7.706815
            ],
            [
              110.266597,
              -7.706757
            ],
            [
              110.266522,
              -7.706757
            ],
            [
              110.266447,
              -7.706757
            ],
            [
              110.266447,
              -7.706682
            ],
            [
              110.266247,
              -7.706656
            ],
            [
              110.266046,
              -7.706556
            ],
            [
              110.265921,
              -7.706531
            ],
            [
              110.26585,
              -7.70653
            ],
            [
              110.265845,
              -7.706529
            ],
            [
              110.265845,
              -7.706455
            ],
            [
              110.2656,
              -7.706394
            ],
            [
              110.265545,
              -7.70638
            ],
            [
              110.265474,
              -7.70638
            ],
            [
              110.265469,
              -7.706378
            ],
            [
              110.265469,
              -7.706305
            ],
            [
              110.265234,
              -7.706239
            ],
            [
              110.264753,
              -7.706049
            ],
            [
              110.264717,
              -7.706003
            ],
            [
              110.264417,
              -7.705927
            ],
            [
              110.264341,
              -7.705927
            ],
            [
              110.264341,
              -7.705852
            ],
            [
              110.264266,
              -7.705852
            ],
            [
              110.264191,
              -7.705852
            ],
            [
              110.264191,
              -7.705777
            ],
            [
              110.264116,
              -7.705777
            ],
            [
              110.264041,
              -7.705777
            ],
            [
              110.263965,
              -7.705777
            ],
            [
              110.263965,
              -7.705702
            ],
            [
              110.26389,
              -7.705701
            ],
            [
              110.263773,
              -7.705668
            ],
            [
              110.263008,
              -7.705364
            ],
            [
              110.262871,
              -7.705347
            ],
            [
              110.262849,
              -7.705338
            ],
            [
              110.261754,
              -7.704972
            ],
            [
              110.261493,
              -7.704885
            ],
            [
              110.261124,
              -7.704761
            ],
            [
              110.260628,
              -7.704595
            ],
            [
              110.260386,
              -7.704515
            ],
            [
              110.260258,
              -7.704472
            ],
            [
              110.260008,
              -7.704388
            ],
            [
              110.259904,
              -7.704354
            ],
            [
              110.259873,
              -7.704343
            ],
            [
              110.259775,
              -7.70431
            ],
            [
              110.259675,
              -7.704277
            ],
            [
              110.259658,
              -7.704271
            ],
            [
              110.2594,
              -7.704185
            ],
            [
              110.25862,
              -7.704218
            ],
            [
              110.257772,
              -7.704415
            ],
            [
              110.257529,
              -7.704471
            ],
            [
              110.257465,
              -7.704486
            ],
            [
              110.257408,
              -7.70451
            ],
            [
              110.257102,
              -7.704642
            ],
            [
              110.25694,
              -7.704712
            ],
            [
              110.256837,
              -7.704756
            ],
            [
              110.256825,
              -7.704766
            ],
            [
              110.25649,
              -7.705034
            ],
            [
              110.25631,
              -7.705178
            ],
            [
              110.256109,
              -7.705371
            ],
            [
              110.255783,
              -7.705684
            ],
            [
              110.255772,
              -7.705699
            ],
            [
              110.255542,
              -7.706034
            ],
            [
              110.255476,
              -7.70613
            ],
            [
              110.255311,
              -7.706212
            ],
            [
              110.255235,
              -7.706361
            ],
            [
              110.255085,
              -7.706437
            ],
            [
              110.255084,
              -7.706587
            ],
            [
              110.255009,
              -7.706587
            ],
            [
              110.255009,
              -7.706662
            ],
            [
              110.254934,
              -7.706662
            ],
            [
              110.254934,
              -7.706737
            ],
            [
              110.254752,
              -7.707006
            ],
            [
              110.254707,
              -7.707037
            ],
            [
              110.254632,
              -7.707187
            ],
            [
              110.254556,
              -7.707337
            ],
            [
              110.254556,
              -7.707412
            ],
            [
              110.254481,
              -7.707412
            ],
            [
              110.254481,
              -7.707487
            ],
            [
              110.254406,
              -7.707487
            ],
            [
              110.254405,
              -7.707562
            ],
            [
              110.25433,
              -7.707561
            ],
            [
              110.25433,
              -7.707637
            ],
            [
              110.254255,
              -7.707636
            ],
            [
              110.254188,
              -7.707723
            ],
            [
              110.253803,
              -7.708011
            ],
            [
              110.253802,
              -7.708086
            ],
            [
              110.253727,
              -7.708086
            ],
            [
              110.253665,
              -7.708207
            ],
            [
              110.253351,
              -7.708235
            ],
            [
              110.253314,
              -7.708274
            ],
            [
              110.252523,
              -7.708459
            ],
            [
              110.252297,
              -7.708459
            ],
            [
              110.252297,
              -7.708534
            ],
            [
              110.252221,
              -7.708534
            ],
            [
              110.252146,
              -7.708533
            ],
            [
              110.252146,
              -7.708458
            ],
            [
              110.251996,
              -7.708458
            ],
            [
              110.25177,
              -7.708458
            ],
            [
              110.251319,
              -7.708382
            ],
            [
              110.250867,
              -7.708381
            ],
            [
              110.250491,
              -7.70838
            ],
            [
              110.250491,
              -7.708305
            ],
            [
              110.250115,
              -7.708305
            ],
            [
              110.250115,
              -7.70838
            ],
            [
              110.250039,
              -7.70838
            ],
            [
              110.25,
              -7.708399
            ],
            [
              110.25,
              -7.708399
            ],
            [
              110.249788,
              -7.708504
            ],
            [
              110.249663,
              -7.708529
            ],
            [
              110.249663,
              -7.708572
            ],
            [
              110.249588,
              -7.708583
            ],
            [
              110.24954,
              -7.70859
            ],
            [
              110.249276,
              -7.708712
            ],
            [
              110.249229,
              -7.708734
            ],
            [
              110.249206,
              -7.708754
            ],
            [
              110.249136,
              -7.708815
            ],
            [
              110.24912,
              -7.708828
            ],
            [
              110.24906,
              -7.70888
            ],
            [
              110.248998,
              -7.708934
            ],
            [
              110.24891,
              -7.708978
            ],
            [
              110.24891,
              -7.709011
            ],
            [
              110.248897,
              -7.709022
            ],
            [
              110.248864,
              -7.709053
            ],
            [
              110.248759,
              -7.709053
            ],
            [
              110.248759,
              -7.709128
            ],
            [
              110.248684,
              -7.709128
            ],
            [
              110.248683,
              -7.709188
            ],
            [
              110.248662,
              -7.709203
            ],
            [
              110.248608,
              -7.709203
            ],
            [
              110.248533,
              -7.709203
            ],
            [
              110.248533,
              -7.709278
            ],
            [
              110.248458,
              -7.709278
            ],
            [
              110.248457,
              -7.709348
            ],
            [
              110.248451,
              -7.709353
            ],
            [
              110.248382,
              -7.709353
            ],
            [
              110.248232,
              -7.709427
            ],
            [
              110.248231,
              -7.709502
            ],
            [
              110.248156,
              -7.709502
            ],
            [
              110.248156,
              -7.709563
            ],
            [
              110.248135,
              -7.709577
            ],
            [
              110.248006,
              -7.709577
            ],
            [
              110.248005,
              -7.709652
            ],
            [
              110.24793,
              -7.709652
            ],
            [
              110.247833,
              -7.709752
            ],
            [
              110.247482,
              -7.709989
            ],
            [
              110.246363,
              -7.710013
            ],
            [
              110.246038,
              -7.709967
            ],
            [
              110.245023,
              -7.709965
            ],
            [
              110.244319,
              -7.710025
            ],
            [
              110.244193,
              -7.71006
            ],
            [
              110.244173,
              -7.71006
            ],
            [
              110.24413,
              -7.710077
            ],
            [
              110.243718,
              -7.71019
            ],
            [
              110.243262,
              -7.710354
            ],
            [
              110.242963,
              -7.710534
            ],
            [
              110.242872,
              -7.710569
            ],
            [
              110.240816,
              -7.711554
            ],
            [
              110.239516,
              -7.712117
            ],
            [
              110.237856,
              -7.713117
            ],
            [
              110.237238,
              -7.713236
            ],
            [
              110.236937,
              -7.713236
            ],
            [
              110.236711,
              -7.713235
            ],
            [
              110.236561,
              -7.713235
            ],
            [
              110.236034,
              -7.713234
            ],
            [
              110.236034,
              -7.713309
            ],
            [
              110.235959,
              -7.713309
            ],
            [
              110.235733,
              -7.713309
            ],
            [
              110.234292,
              -7.713225
            ],
            [
              110.234228,
              -7.713156
            ],
            [
              110.234078,
              -7.713156
            ],
            [
              110.233777,
              -7.713155
            ],
            [
              110.233676,
              -7.713205
            ],
            [
              110.233633,
              -7.713213
            ],
            [
              110.233553,
              -7.71321
            ],
            [
              110.233421,
              -7.713206
            ],
            [
              110.233283,
              -7.713245
            ],
            [
              110.233124,
              -7.713254
            ],
            [
              110.233024,
              -7.713304
            ],
            [
              110.232838,
              -7.713303
            ],
            [
              110.232648,
              -7.713303
            ],
            [
              110.232572,
              -7.713303
            ],
            [
              110.232572,
              -7.713378
            ],
            [
              110.232497,
              -7.713378
            ],
            [
              110.232422,
              -7.713378
            ],
            [
              110.232422,
              -7.713453
            ],
            [
              110.232346,
              -7.713453
            ],
            [
              110.232195,
              -7.713828
            ],
            [
              110.232195,
              -7.713903
            ],
            [
              110.23212,
              -7.713903
            ],
            [
              110.23212,
              -7.713978
            ],
            [
              110.232119,
              -7.714053
            ],
            [
              110.232044,
              -7.714053
            ],
            [
              110.232044,
              -7.714128
            ],
            [
              110.232044,
              -7.714203
            ],
            [
              110.232044,
              -7.714278
            ],
            [
              110.231969,
              -7.714278
            ],
            [
              110.231968,
              -7.714353
            ],
            [
              110.231968,
              -7.714428
            ],
            [
              110.231893,
              -7.714428
            ],
            [
              110.231893,
              -7.714503
            ],
            [
              110.231893,
              -7.714653
            ],
            [
              110.231817,
              -7.714653
            ],
            [
              110.231745,
              -7.714881
            ],
            [
              110.231593,
              -7.71531
            ],
            [
              110.231325,
              -7.717245
            ],
            [
              110.231417,
              -7.719132
            ],
            [
              110.231615,
              -7.720174
            ],
            [
              110.231842,
              -7.721264
            ],
            [
              110.231697,
              -7.72251
            ],
            [
              110.230462,
              -7.723222
            ],
            [
              110.230286,
              -7.723253
            ],
            [
              110.22977,
              -7.723281
            ],
            [
              110.229469,
              -7.723281
            ],
            [
              110.228942,
              -7.72328
            ],
            [
              110.228942,
              -7.723205
            ],
            [
              110.228566,
              -7.723204
            ],
            [
              110.228094,
              -7.723162
            ],
            [
              110.226199,
              -7.722763
            ],
            [
              110.224878,
              -7.723273
            ],
            [
              110.224878,
              -7.723348
            ],
            [
              110.224803,
              -7.723348
            ],
            [
              110.224803,
              -7.723423
            ],
            [
              110.224728,
              -7.723422
            ],
            [
              110.224654,
              -7.723649
            ],
            [
              110.223135,
              -7.726822
            ],
            [
              110.222941,
              -7.727384
            ],
            [
              110.221955,
              -7.730407
            ],
            [
              110.221596,
              -7.73233
            ],
            [
              110.221302,
              -7.734238
            ],
            [
              110.220407,
              -7.735388
            ],
            [
              110.219899,
              -7.735647
            ],
            [
              110.219792,
              -7.73553
            ],
            [
              110.219575,
              -7.735313
            ],
            [
              110.219451,
              -7.735189
            ],
            [
              110.21937,
              -7.735121
            ],
            [
              110.219366,
              -7.735118
            ],
            [
              110.218968,
              -7.734784
            ],
            [
              110.218959,
              -7.734776
            ],
            [
              110.218925,
              -7.734748
            ],
            [
              110.218556,
              -7.734365
            ],
            [
              110.218145,
              -7.733953
            ],
            [
              110.217851,
              -7.733672
            ],
            [
              110.217832,
              -7.733654
            ],
            [
              110.217625,
              -7.73333
            ],
            [
              110.217506,
              -7.733143
            ],
            [
              110.217393,
              -7.732901
            ],
            [
              110.217294,
              -7.732674
            ],
            [
              110.217214,
              -7.732624
            ],
            [
              110.217186,
              -7.732607
            ],
            [
              110.217066,
              -7.732532
            ],
            [
              110.217028,
              -7.732535
            ],
            [
              110.216881,
              -7.732547
            ],
            [
              110.216794,
              -7.732554
            ],
            [
              110.216732,
              -7.732559
            ],
            [
              110.216583,
              -7.732572
            ],
            [
              110.216554,
              -7.732574
            ],
            [
              110.216508,
              -7.732681
            ],
            [
              110.216469,
              -7.732772
            ],
            [
              110.216462,
              -7.73279
            ],
            [
              110.216432,
              -7.732862
            ],
            [
              110.216387,
              -7.732975
            ],
            [
              110.216342,
              -7.733086
            ],
            [
              110.216326,
              -7.733126
            ],
            [
              110.216154,
              -7.73341
            ],
            [
              110.216012,
              -7.733778
            ],
            [
              110.21594,
              -7.734133
            ],
            [
              110.215896,
              -7.734644
            ],
            [
              110.215938,
              -7.73524
            ],
            [
              110.216037,
              -7.735623
            ],
            [
              110.216107,
              -7.73602
            ],
            [
              110.216206,
              -7.736361
            ],
            [
              110.216204,
              -7.736377
            ],
            [
              110.216193,
              -7.736486
            ],
            [
              110.216177,
              -7.736645
            ],
            [
              110.215992,
              -7.736743
            ],
            [
              110.215904,
              -7.736683
            ],
            [
              110.215791,
              -7.736607
            ],
            [
              110.215696,
              -7.736542
            ],
            [
              110.215694,
              -7.736541
            ],
            [
              110.215673,
              -7.736505
            ],
            [
              110.215653,
              -7.736471
            ],
            [
              110.215653,
              -7.736471
            ],
            [
              110.215609,
              -7.736291
            ],
            [
              110.215599,
              -7.73628
            ],
            [
              110.215573,
              -7.736251
            ],
            [
              110.215467,
              -7.736228
            ],
            [
              110.215443,
              -7.736223
            ],
            [
              110.215423,
              -7.736229
            ],
            [
              110.215179,
              -7.736301
            ],
            [
              110.215135,
              -7.736316
            ],
            [
              110.215071,
              -7.736338
            ],
            [
              110.21495,
              -7.736379
            ],
            [
              110.214912,
              -7.736392
            ],
            [
              110.214777,
              -7.736467
            ],
            [
              110.21477,
              -7.736471
            ],
            [
              110.214746,
              -7.736484
            ],
            [
              110.214611,
              -7.736622
            ],
            [
              110.214537,
              -7.736767
            ],
            [
              110.214515,
              -7.736915
            ],
            [
              110.214507,
              -7.736967
            ],
            [
              110.214503,
              -7.73699
            ],
            [
              110.21449,
              -7.737078
            ],
            [
              110.214459,
              -7.737131
            ],
            [
              110.214438,
              -7.737165
            ],
            [
              110.214352,
              -7.7372
            ],
            [
              110.214304,
              -7.737191
            ],
            [
              110.214208,
              -7.737172
            ],
            [
              110.214151,
              -7.73714
            ],
            [
              110.213975,
              -7.737041
            ],
            [
              110.213832,
              -7.736961
            ],
            [
              110.213712,
              -7.736894
            ],
            [
              110.213618,
              -7.736841
            ],
            [
              110.213516,
              -7.736738
            ],
            [
              110.213509,
              -7.736724
            ],
            [
              110.213438,
              -7.736584
            ],
            [
              110.21334,
              -7.736391
            ],
            [
              110.213338,
              -7.736388
            ],
            [
              110.213306,
              -7.736325
            ],
            [
              110.213292,
              -7.736313
            ],
            [
              110.213244,
              -7.73627
            ],
            [
              110.213131,
              -7.73617
            ],
            [
              110.213115,
              -7.736156
            ],
            [
              110.21304,
              -7.73609
            ],
            [
              110.213001,
              -7.736055
            ],
            [
              110.212891,
              -7.735937
            ],
            [
              110.212853,
              -7.735895
            ],
            [
              110.212827,
              -7.735861
            ],
            [
              110.212815,
              -7.735845
            ],
            [
              110.21276,
              -7.735774
            ],
            [
              110.212753,
              -7.735711
            ],
            [
              110.21274,
              -7.735595
            ],
            [
              110.212736,
              -7.735561
            ],
            [
              110.212735,
              -7.735551
            ],
            [
              110.212741,
              -7.735509
            ],
            [
              110.212714,
              -7.735486
            ],
            [
              110.212627,
              -7.735411
            ],
            [
              110.212451,
              -7.735359
            ],
            [
              110.21237,
              -7.735335
            ],
            [
              110.212364,
              -7.735333
            ],
            [
              110.212289,
              -7.735311
            ],
            [
              110.212115,
              -7.73526
            ],
            [
              110.212063,
              -7.735244
            ],
            [
              110.211995,
              -7.735224
            ],
            [
              110.211869,
              -7.735179
            ],
            [
              110.211804,
              -7.735109
            ],
            [
              110.211763,
              -7.735064
            ],
            [
              110.211734,
              -7.735034
            ],
            [
              110.211687,
              -7.734983
            ],
            [
              110.211664,
              -7.734958
            ],
            [
              110.211594,
              -7.734883
            ],
            [
              110.211537,
              -7.734822
            ],
            [
              110.211533,
              -7.734817
            ],
            [
              110.211394,
              -7.734671
            ],
            [
              110.211381,
              -7.734658
            ],
            [
              110.21133,
              -7.734604
            ],
            [
              110.211298,
              -7.734582
            ],
            [
              110.211237,
              -7.73454
            ],
            [
              110.211188,
              -7.734507
            ],
            [
              110.211157,
              -7.734486
            ],
            [
              110.211011,
              -7.734451
            ],
            [
              110.211004,
              -7.734449
            ],
            [
              110.210939,
              -7.734457
            ],
            [
              110.210892,
              -7.734463
            ],
            [
              110.210847,
              -7.734468
            ],
            [
              110.210785,
              -7.734506
            ],
            [
              110.210675,
              -7.734574
            ],
            [
              110.210623,
              -7.734631
            ],
            [
              110.210329,
              -7.734797
            ],
            [
              110.210216,
              -7.734845
            ],
            [
              110.210124,
              -7.73483
            ],
            [
              110.210017,
              -7.734752
            ],
            [
              110.209987,
              -7.73473
            ],
            [
              110.209963,
              -7.734713
            ],
            [
              110.209855,
              -7.734632
            ],
            [
              110.209812,
              -7.734623
            ],
            [
              110.209732,
              -7.734607
            ],
            [
              110.209703,
              -7.734601
            ],
            [
              110.209467,
              -7.734731
            ],
            [
              110.209335,
              -7.734804
            ],
            [
              110.209237,
              -7.734858
            ],
            [
              110.209126,
              -7.734911
            ],
            [
              110.209022,
              -7.734914
            ],
            [
              110.20898,
              -7.73489
            ],
            [
              110.208962,
              -7.73488
            ],
            [
              110.208939,
              -7.734824
            ],
            [
              110.208923,
              -7.734785
            ],
            [
              110.208913,
              -7.73476
            ],
            [
              110.208891,
              -7.734698
            ],
            [
              110.208851,
              -7.734583
            ],
            [
              110.208849,
              -7.734577
            ],
            [
              110.208766,
              -7.73448
            ],
            [
              110.208667,
              -7.734432
            ],
            [
              110.208535,
              -7.734438
            ],
            [
              110.208496,
              -7.734448
            ],
            [
              110.208452,
              -7.73446
            ],
            [
              110.208384,
              -7.734478
            ],
            [
              110.208377,
              -7.734475
            ],
            [
              110.208333,
              -7.734459
            ],
            [
              110.208312,
              -7.734418
            ],
            [
              110.208275,
              -7.734343
            ],
            [
              110.208221,
              -7.734165
            ],
            [
              110.208187,
              -7.73405
            ],
            [
              110.208152,
              -7.733978
            ],
            [
              110.208151,
              -7.733976
            ],
            [
              110.208123,
              -7.733919
            ],
            [
              110.208077,
              -7.733885
            ],
            [
              110.207993,
              -7.733821
            ],
            [
              110.207852,
              -7.733803
            ],
            [
              110.20772,
              -7.733787
            ],
            [
              110.207611,
              -7.733773
            ],
            [
              110.207407,
              -7.733768
            ],
            [
              110.207273,
              -7.733809
            ],
            [
              110.207225,
              -7.733824
            ],
            [
              110.207219,
              -7.733826
            ],
            [
              110.207109,
              -7.733867
            ],
            [
              110.207031,
              -7.733855
            ],
            [
              110.207001,
              -7.733824
            ],
            [
              110.20693,
              -7.733749
            ],
            [
              110.206907,
              -7.733725
            ],
            [
              110.206874,
              -7.733681
            ],
            [
              110.206868,
              -7.733674
            ],
            [
              110.206791,
              -7.733573
            ],
            [
              110.206625,
              -7.733462
            ],
            [
              110.206584,
              -7.733434
            ],
            [
              110.206477,
              -7.733395
            ],
            [
              110.206291,
              -7.733441
            ],
            [
              110.206126,
              -7.733481
            ],
            [
              110.206078,
              -7.733493
            ],
            [
              110.205842,
              -7.733596
            ],
            [
              110.205745,
              -7.733639
            ],
            [
              110.205733,
              -7.733644
            ],
            [
              110.205656,
              -7.733671
            ],
            [
              110.205519,
              -7.733719
            ],
            [
              110.205474,
              -7.733735
            ],
            [
              110.205425,
              -7.733746
            ],
            [
              110.205312,
              -7.733771
            ],
            [
              110.205218,
              -7.733766
            ],
            [
              110.205009,
              -7.733755
            ],
            [
              110.204952,
              -7.733749
            ],
            [
              110.204879,
              -7.733742
            ],
            [
              110.204867,
              -7.733753
            ],
            [
              110.204794,
              -7.733825
            ],
            [
              110.204777,
              -7.733842
            ],
            [
              110.204761,
              -7.733858
            ],
            [
              110.204591,
              -7.734026
            ],
            [
              110.204409,
              -7.734207
            ],
            [
              110.203904,
              -7.734583
            ],
            [
              110.203793,
              -7.734628
            ],
            [
              110.203681,
              -7.734674
            ],
            [
              110.203624,
              -7.734691
            ],
            [
              110.203475,
              -7.734735
            ],
            [
              110.203103,
              -7.734894
            ],
            [
              110.202995,
              -7.734933
            ],
            [
              110.202819,
              -7.734915
            ],
            [
              110.202816,
              -7.734915
            ],
            [
              110.202537,
              -7.734885
            ],
            [
              110.202414,
              -7.734905
            ],
            [
              110.202327,
              -7.734975
            ],
            [
              110.202296,
              -7.735001
            ],
            [
              110.20222,
              -7.735062
            ],
            [
              110.202188,
              -7.7351
            ],
            [
              110.201993,
              -7.735333
            ],
            [
              110.20195,
              -7.735384
            ],
            [
              110.201937,
              -7.735404
            ],
            [
              110.201914,
              -7.73544
            ],
            [
              110.201919,
              -7.735678
            ],
            [
              110.201908,
              -7.735771
            ],
            [
              110.201905,
              -7.735773
            ],
            [
              110.201727,
              -7.735863
            ],
            [
              110.201557,
              -7.735949
            ],
            [
              110.201481,
              -7.735987
            ],
            [
              110.201423,
              -7.736001
            ],
            [
              110.201309,
              -7.73603
            ],
            [
              110.201149,
              -7.736013
            ],
            [
              110.201112,
              -7.735992
            ],
            [
              110.201064,
              -7.735965
            ],
            [
              110.200923,
              -7.73581
            ],
            [
              110.200853,
              -7.735768
            ],
            [
              110.200752,
              -7.735797
            ],
            [
              110.200748,
              -7.735803
            ],
            [
              110.200634,
              -7.735977
            ],
            [
              110.200627,
              -7.735987
            ],
            [
              110.200569,
              -7.73607
            ],
            [
              110.200503,
              -7.736079
            ],
            [
              110.200397,
              -7.736094
            ],
            [
              110.200269,
              -7.736146
            ],
            [
              110.200187,
              -7.736238
            ],
            [
              110.200158,
              -7.736355
            ],
            [
              110.200136,
              -7.736473
            ],
            [
              110.20009,
              -7.73655
            ],
            [
              110.200011,
              -7.736578
            ],
            [
              110.199989,
              -7.736586
            ],
            [
              110.199906,
              -7.736581
            ],
            [
              110.199772,
              -7.736478
            ],
            [
              110.199561,
              -7.736302
            ],
            [
              110.199489,
              -7.736275
            ],
            [
              110.199482,
              -7.73628
            ],
            [
              110.199468,
              -7.73629
            ],
            [
              110.199415,
              -7.736326
            ],
            [
              110.19941,
              -7.736333
            ],
            [
              110.199265,
              -7.736647
            ],
            [
              110.199206,
              -7.736791
            ],
            [
              110.199126,
              -7.736869
            ],
            [
              110.198994,
              -7.736882
            ],
            [
              110.198978,
              -7.736881
            ],
            [
              110.198849,
              -7.736874
            ],
            [
              110.198656,
              -7.736917
            ],
            [
              110.198479,
              -7.737083
            ],
            [
              110.198427,
              -7.737165
            ],
            [
              110.19837,
              -7.737226
            ],
            [
              110.198251,
              -7.737354
            ],
            [
              110.198189,
              -7.737459
            ],
            [
              110.198111,
              -7.737576
            ],
            [
              110.1981,
              -7.737592
            ],
            [
              110.197911,
              -7.737784
            ],
            [
              110.197743,
              -7.737955
            ],
            [
              110.197619,
              -7.737901
            ],
            [
              110.197619,
              -7.737901
            ]
          ]
        ]
      }
    },
    {
      "type": "Feature",
      "properties": {
        "OBJECTID": 19,
        "LEFT_FID": -1,
        "RIGHT_FID": 4,
        "Shape_Leng": 0.06986659535
      },
      "geometry": {
        "type": "MultiLineString",
        "coordinates": [
          [
            [
              110.205318,
              -7.651851
            ],
            [
              110.20537,
              -7.651851
            ],
            [
              110.205446,
              -7.651851
            ],
            [
              110.205496,
              -7.651752
            ],
            [
              110.205596,
              -7.651701
            ],
            [
              110.205596,
              -7.651626
            ],
            [
              110.205597,
              -7.651551
            ],
            [
              110.205672,
              -7.651551
            ],
            [
              110.205822,
              -7.651552
            ],
            [
              110.206418,
              -7.6514
            ],
            [
              110.206608,
              -7.651285
            ],
            [
              110.206876,
              -7.651178
            ],
            [
              110.207177,
              -7.651104
            ],
            [
              110.207177,
              -7.651084
            ],
            [
              110.207178,
              -7.651033
            ],
            [
              110.207187,
              -7.651029
            ],
            [
              110.207403,
              -7.651029
            ],
            [
              110.207403,
              -7.650954
            ],
            [
              110.207479,
              -7.650954
            ],
            [
              110.207762,
              -7.650829
            ],
            [
              110.20821,
              -7.650632
            ],
            [
              110.208382,
              -7.65058
            ],
            [
              110.208442,
              -7.650464
            ],
            [
              110.208608,
              -7.650431
            ],
            [
              110.208629,
              -7.650401
            ],
            [
              110.20867,
              -7.650342
            ],
            [
              110.208909,
              -7.650281
            ],
            [
              110.20891,
              -7.650206
            ],
            [
              110.20906,
              -7.650206
            ],
            [
              110.20906,
              -7.650131
            ],
            [
              110.209135,
              -7.650131
            ],
            [
              110.209136,
              -7.650061
            ],
            [
              110.209143,
              -7.650056
            ],
            [
              110.209211,
              -7.650057
            ],
            [
              110.209286,
              -7.650057
            ],
            [
              110.209286,
              -7.649982
            ],
            [
              110.209437,
              -7.649982
            ],
            [
              110.20952,
              -7.649889
            ],
            [
              110.210039,
              -7.649608
            ],
            [
              110.210039,
              -7.649533
            ],
            [
              110.21019,
              -7.649533
            ],
            [
              110.21019,
              -7.649458
            ],
            [
              110.210341,
              -7.649458
            ],
            [
              110.210341,
              -7.649383
            ],
            [
              110.210416,
              -7.649383
            ],
            [
              110.210476,
              -7.649309
            ],
            [
              110.211032,
              -7.648979
            ],
            [
              110.211052,
              -7.648967
            ],
            [
              110.211169,
              -7.648934
            ],
            [
              110.211169,
              -7.648859
            ],
            [
              110.211245,
              -7.648859
            ],
            [
              110.211245,
              -7.648784
            ],
            [
              110.21132,
              -7.648784
            ],
            [
              110.211579,
              -7.648592
            ],
            [
              110.211772,
              -7.648485
            ],
            [
              110.211772,
              -7.64841
            ],
            [
              110.211923,
              -7.64841
            ],
            [
              110.211923,
              -7.648335
            ],
            [
              110.211998,
              -7.648335
            ],
            [
              110.212073,
              -7.648335
            ],
            [
              110.212073,
              -7.64826
            ],
            [
              110.212149,
              -7.64826
            ],
            [
              110.212226,
              -7.648161
            ],
            [
              110.212525,
              -7.648111
            ],
            [
              110.212525,
              -7.648036
            ],
            [
              110.2126,
              -7.648036
            ],
            [
              110.212751,
              -7.648036
            ],
            [
              110.213009,
              -7.648037
            ],
            [
              110.213052,
              -7.648037
            ],
            [
              110.213052,
              -7.647962
            ],
            [
              110.213127,
              -7.647962
            ],
            [
              110.213353,
              -7.647962
            ],
            [
              110.213428,
              -7.647962
            ],
            [
              110.213437,
              -7.64796
            ],
            [
              110.213729,
              -7.647888
            ],
            [
              110.213729,
              -7.647813
            ],
            [
              110.213805,
              -7.647813
            ],
            [
              110.213955,
              -7.647813
            ],
            [
              110.214001,
              -7.647724
            ],
            [
              110.214331,
              -7.647889
            ],
            [
              110.214531,
              -7.64799
            ],
            [
              110.214557,
              -7.64804
            ],
            [
              110.214632,
              -7.64804
            ],
            [
              110.214657,
              -7.64804
            ],
            [
              110.214707,
              -7.648068
            ],
            [
              110.214707,
              -7.648115
            ],
            [
              110.214832,
              -7.64814
            ],
            [
              110.215083,
              -7.648266
            ],
            [
              110.215384,
              -7.648266
            ],
            [
              110.215384,
              -7.648191
            ],
            [
              110.215459,
              -7.648191
            ],
            [
              110.215835,
              -7.648192
            ],
            [
              110.215911,
              -7.648192
            ],
            [
              110.21591,
              -7.648267
            ],
            [
              110.21602,
              -7.648267
            ],
            [
              110.216061,
              -7.648268
            ],
            [
              110.216951,
              -7.648468
            ],
            [
              110.217039,
              -7.64857
            ],
            [
              110.217114,
              -7.64857
            ],
            [
              110.217114,
              -7.648645
            ],
            [
              110.217189,
              -7.648645
            ],
            [
              110.217189,
              -7.64872
            ],
            [
              110.217264,
              -7.64872
            ],
            [
              110.217264,
              -7.648795
            ],
            [
              110.21769,
              -7.648821
            ],
            [
              110.217941,
              -7.648946
            ],
            [
              110.218166,
              -7.649097
            ],
            [
              110.218241,
              -7.649097
            ],
            [
              110.218241,
              -7.649172
            ],
            [
              110.218422,
              -7.649217
            ],
            [
              110.218451,
              -7.649219
            ],
            [
              110.218452,
              -7.64922
            ],
            [
              110.21846,
              -7.649219
            ],
            [
              110.218994,
              -7.649249
            ],
            [
              110.218994,
              -7.649174
            ],
            [
              110.219596,
              -7.649175
            ],
            [
              110.219596,
              -7.6491
            ],
            [
              110.219671,
              -7.6491
            ],
            [
              110.219746,
              -7.6491
            ],
            [
              110.219746,
              -7.649175
            ],
            [
              110.220165,
              -7.649208
            ],
            [
              110.221133,
              -7.64937
            ],
            [
              110.221476,
              -7.649403
            ],
            [
              110.221551,
              -7.649403
            ],
            [
              110.221551,
              -7.649478
            ],
            [
              110.222454,
              -7.649555
            ],
            [
              110.222645,
              -7.649626
            ],
            [
              110.223432,
              -7.649707
            ],
            [
              110.223507,
              -7.649707
            ],
            [
              110.223507,
              -7.649782
            ],
            [
              110.223582,
              -7.649782
            ],
            [
              110.223883,
              -7.649783
            ],
            [
              110.223958,
              -7.649783
            ],
            [
              110.224034,
              -7.649783
            ],
            [
              110.224034,
              -7.649858
            ],
            [
              110.224109,
              -7.649858
            ],
            [
              110.22456,
              -7.649859
            ],
            [
              110.22483,
              -7.64989
            ],
            [
              110.225012,
              -7.649935
            ],
            [
              110.225388,
              -7.649936
            ],
            [
              110.22614,
              -7.649937
            ],
            [
              110.226215,
              -7.649937
            ],
            [
              110.226215,
              -7.650012
            ],
            [
              110.226366,
              -7.650013
            ],
            [
              110.227386,
              -7.650048
            ],
            [
              110.22772,
              -7.65009
            ],
            [
              110.22787,
              -7.65009
            ],
            [
              110.228096,
              -7.650091
            ],
            [
              110.228322,
              -7.650091
            ],
            [
              110.228422,
              -7.650141
            ],
            [
              110.228879,
              -7.650165
            ],
            [
              110.228924,
              -7.650167
            ],
            [
              110.229024,
              -7.650217
            ],
            [
              110.229651,
              -7.650269
            ],
            [
              110.229751,
              -7.650319
            ],
            [
              110.230202,
              -7.65032
            ],
            [
              110.230382,
              -7.650366
            ],
            [
              110.230428,
              -7.650545
            ],
            [
              110.230528,
              -7.650595
            ],
            [
              110.230606,
              -7.650605
            ],
            [
              110.230729,
              -7.650621
            ],
            [
              110.230729,
              -7.65062
            ],
            [
              110.230779,
              -7.650521
            ],
            [
              110.230879,
              -7.650471
            ],
            [
              110.23103,
              -7.650471
            ],
            [
              110.23103,
              -7.650396
            ],
            [
              110.231256,
              -7.650397
            ],
            [
              110.232284,
              -7.650484
            ],
            [
              110.232569,
              -7.650589
            ],
            [
              110.2328,
              -7.650659
            ],
            [
              110.232835,
              -7.6507
            ],
            [
              110.23291,
              -7.6507
            ],
            [
              110.233188,
              -7.650726
            ],
            [
              110.233537,
              -7.650901
            ],
            [
              110.233587,
              -7.651001
            ],
            [
              110.233738,
              -7.651002
            ],
            [
              110.233737,
              -7.651077
            ],
            [
              110.234033,
              -7.651153
            ],
            [
              110.234188,
              -7.651378
            ],
            [
              110.234264,
              -7.651378
            ],
            [
              110.234263,
              -7.651453
            ],
            [
              110.234339,
              -7.651453
            ],
            [
              110.234338,
              -7.651528
            ],
            [
              110.234639,
              -7.651604
            ],
            [
              110.234715,
              -7.651604
            ],
            [
              110.234714,
              -7.651679
            ],
            [
              110.234865,
              -7.651679
            ],
            [
              110.234865,
              -7.651754
            ],
            [
              110.23509,
              -7.652055
            ],
            [
              110.23524,
              -7.652055
            ],
            [
              110.235293,
              -7.652055
            ],
            [
              110.235316,
              -7.652055
            ],
            [
              110.235316,
              -7.652062
            ],
            [
              110.235316,
              -7.65213
            ],
            [
              110.235466,
              -7.652131
            ],
            [
              110.235536,
              -7.652131
            ],
            [
              110.235692,
              -7.652131
            ],
            [
              110.235692,
              -7.652206
            ],
            [
              110.235767,
              -7.652206
            ],
            [
              110.236085,
              -7.652246
            ],
            [
              110.236369,
              -7.652357
            ],
            [
              110.236444,
              -7.652358
            ],
            [
              110.236444,
              -7.652433
            ],
            [
              110.236594,
              -7.652433
            ],
            [
              110.236669,
              -7.652433
            ],
            [
              110.236669,
              -7.652508
            ],
            [
              110.236735,
              -7.652514
            ],
            [
              110.236945,
              -7.652534
            ],
            [
              110.237045,
              -7.652584
            ],
            [
              110.237121,
              -7.652584
            ],
            [
              110.23712,
              -7.652659
            ],
            [
              110.23727,
              -7.652735
            ],
            [
              110.23729,
              -7.652774
            ],
            [
              110.237346,
              -7.652885
            ],
            [
              110.237421,
              -7.652885
            ],
            [
              110.237421,
              -7.65296
            ],
            [
              110.237755,
              -7.653227
            ],
            [
              110.237947,
              -7.653336
            ],
            [
              110.238097,
              -7.653336
            ],
            [
              110.238262,
              -7.653363
            ],
            [
              110.238338,
              -7.653375
            ],
            [
              110.238579,
              -7.653532
            ],
            [
              110.238699,
              -7.653563
            ],
            [
              110.238749,
              -7.653588
            ],
            [
              110.238849,
              -7.653788
            ],
            [
              110.238924,
              -7.653788
            ],
            [
              110.238924,
              -7.653843
            ],
            [
              110.238924,
              -7.653863
            ],
            [
              110.239075,
              -7.653863
            ],
            [
              110.23915,
              -7.653864
            ],
            [
              110.239601,
              -7.653864
            ],
            [
              110.239601,
              -7.653939
            ],
            [
              110.239676,
              -7.65394
            ],
            [
              110.239752,
              -7.65394
            ],
            [
              110.239751,
              -7.654015
            ],
            [
              110.240377,
              -7.654356
            ],
            [
              110.240497,
              -7.654422
            ],
            [
              110.240806,
              -7.654255
            ],
            [
              110.24088,
              -7.654017
            ],
            [
              110.240805,
              -7.654017
            ],
            [
              110.240805,
              -7.653942
            ],
            [
              110.240805,
              -7.653867
            ],
            [
              110.240714,
              -7.65382
            ],
            [
              110.240831,
              -7.653592
            ],
            [
              110.240881,
              -7.653566
            ],
            [
              110.240881,
              -7.653491
            ],
            [
              110.241254,
              -7.653492
            ],
            [
              110.241257,
              -7.653495
            ],
            [
              110.241257,
              -7.653567
            ],
            [
              110.241332,
              -7.653567
            ],
            [
              110.241332,
              -7.653642
            ],
            [
              110.241407,
              -7.653642
            ],
            [
              110.241407,
              -7.653717
            ],
            [
              110.241708,
              -7.653643
            ],
            [
              110.24177,
              -7.653554
            ],
            [
              110.24201,
              -7.653493
            ],
            [
              110.24201,
              -7.653418
            ],
            [
              110.242085,
              -7.653418
            ],
            [
              110.24216,
              -7.653419
            ],
            [
              110.24216,
              -7.653343
            ],
            [
              110.242311,
              -7.653344
            ],
            [
              110.242311,
              -7.653269
            ],
            [
              110.242386,
              -7.653269
            ],
            [
              110.242386,
              -7.653194
            ],
            [
              110.242422,
              -7.652945
            ],
            [
              110.242462,
              -7.653119
            ],
            [
              110.242537,
              -7.653119
            ],
            [
              110.242537,
              -7.653194
            ],
            [
              110.242612,
              -7.653194
            ],
            [
              110.242612,
              -7.653269
            ],
            [
              110.242762,
              -7.653269
            ],
            [
              110.242838,
              -7.65327
            ],
            [
              110.242838,
              -7.653195
            ],
            [
              110.242913,
              -7.653195
            ],
            [
              110.242913,
              -7.65312
            ],
            [
              110.242988,
              -7.65312
            ],
            [
              110.242989,
              -7.653045
            ],
            [
              110.243064,
              -7.653045
            ],
            [
              110.243064,
              -7.65297
            ],
            [
              110.243064,
              -7.65282
            ],
            [
              110.243139,
              -7.65282
            ],
            [
              110.24314,
              -7.65267
            ],
            [
              110.243215,
              -7.65267
            ],
            [
              110.243215,
              -7.652595
            ],
            [
              110.24329,
              -7.652595
            ],
            [
              110.24329,
              -7.65252
            ],
            [
              110.243366,
              -7.65252
            ],
            [
              110.243516,
              -7.652445
            ],
            [
              110.243516,
              -7.65237
            ],
            [
              110.243592,
              -7.65237
            ],
            [
              110.243667,
              -7.65237
            ],
            [
              110.243667,
              -7.652295
            ],
            [
              110.243742,
              -7.652295
            ],
            [
              110.243817,
              -7.652295
            ],
            [
              110.243818,
              -7.65222
            ],
            [
              110.243893,
              -7.652221
            ],
            [
              110.243893,
              -7.652145
            ],
            [
              110.243968,
              -7.652146
            ],
            [
              110.243968,
              -7.652071
            ],
            [
              110.244044,
              -7.652071
            ],
            [
              110.244044,
              -7.651996
            ],
            [
              110.244119,
              -7.651996
            ],
            [
              110.244119,
              -7.651921
            ],
            [
              110.244194,
              -7.651921
            ],
            [
              110.244194,
              -7.651846
            ],
            [
              110.244349,
              -7.651624
            ],
            [
              110.244571,
              -7.651471
            ],
            [
              110.244571,
              -7.651396
            ],
            [
              110.244647,
              -7.651396
            ],
            [
              110.244647,
              -7.651321
            ],
            [
              110.244722,
              -7.651321
            ],
            [
              110.244797,
              -7.651321
            ],
            [
              110.245043,
              -7.651252
            ],
            [
              110.245051,
              -7.651249
            ],
            [
              110.245068,
              -7.651113
            ],
            [
              110.245087,
              -7.651086
            ],
            [
              110.245087,
              -7.651084
            ],
            [
              110.245087,
              -7.651041
            ],
            [
              110.245087,
              -7.651038
            ],
            [
              110.245088,
              -7.651001
            ],
            [
              110.245086,
              -7.650977
            ],
            [
              110.245086,
              -7.650977
            ],
            [
              110.245133,
              -7.650605
            ],
            [
              110.245175,
              -7.650571
            ],
            [
              110.245175,
              -7.650421
            ],
            [
              110.245175,
              -7.650346
            ],
            [
              110.24525,
              -7.650346
            ],
            [
              110.245251,
              -7.650196
            ],
            [
              110.245251,
              -7.650121
            ],
            [
              110.245326,
              -7.650121
            ],
            [
              110.245326,
              -7.649971
            ],
            [
              110.245327,
              -7.649896
            ],
            [
              110.245402,
              -7.649896
            ],
            [
              110.245402,
              -7.649821
            ],
            [
              110.245402,
              -7.649746
            ],
            [
              110.245477,
              -7.649746
            ],
            [
              110.245478,
              -7.649596
            ],
            [
              110.245553,
              -7.649596
            ],
            [
              110.245628,
              -7.649596
            ],
            [
              110.245628,
              -7.649521
            ],
            [
              110.245703,
              -7.649521
            ],
            [
              110.245926,
              -7.649368
            ],
            [
              110.24597,
              -7.649306
            ],
            [
              110.24599,
              -7.649277
            ],
            [
              110.246111,
              -7.649102
            ],
            [
              110.246156,
              -7.649072
            ],
            [
              110.246156,
              -7.648997
            ],
            [
              110.246231,
              -7.648997
            ],
            [
              110.246231,
              -7.648922
            ],
            [
              110.246306,
              -7.648922
            ],
            [
              110.246306,
              -7.648847
            ],
            [
              110.246307,
              -7.648772
            ],
            [
              110.246382,
              -7.648772
            ],
            [
              110.246483,
              -7.648572
            ],
            [
              110.246533,
              -7.648547
            ],
            [
              110.246533,
              -7.648472
            ],
            [
              110.246608,
              -7.648472
            ],
            [
              110.246583,
              -7.648197
            ],
            [
              110.246534,
              -7.648097
            ],
            [
              110.246534,
              -7.648022
            ],
            [
              110.246458,
              -7.648021
            ],
            [
              110.246459,
              -7.647946
            ],
            [
              110.246459,
              -7.647871
            ],
            [
              110.246534,
              -7.647871
            ],
            [
              110.246609,
              -7.647872
            ],
            [
              110.246609,
              -7.647947
            ],
            [
              110.246684,
              -7.647947
            ],
            [
              110.246684,
              -7.648022
            ],
            [
              110.247006,
              -7.647968
            ],
            [
              110.247061,
              -7.647647
            ],
            [
              110.247111,
              -7.647547
            ],
            [
              110.247137,
              -7.647422
            ],
            [
              110.247137,
              -7.647322
            ],
            [
              110.247137,
              -7.647047
            ],
            [
              110.247213,
              -7.647047
            ],
            [
              110.247213,
              -7.646897
            ],
            [
              110.247254,
              -7.646642
            ],
            [
              110.247456,
              -7.646597
            ],
            [
              110.247514,
              -7.646822
            ],
            [
              110.247589,
              -7.646822
            ],
            [
              110.247589,
              -7.646897
            ],
            [
              110.247664,
              -7.646898
            ],
            [
              110.247664,
              -7.646973
            ],
            [
              110.247709,
              -7.646995
            ],
            [
              110.247852,
              -7.647066
            ],
            [
              110.24804,
              -7.646973
            ],
            [
              110.248184,
              -7.646795
            ],
            [
              110.248266,
              -7.646899
            ],
            [
              110.248567,
              -7.646899
            ],
            [
              110.248567,
              -7.646824
            ],
            [
              110.248642,
              -7.646824
            ],
            [
              110.248643,
              -7.646674
            ],
            [
              110.248718,
              -7.646674
            ],
            [
              110.248718,
              -7.646599
            ],
            [
              110.248793,
              -7.646599
            ],
            [
              110.248794,
              -7.646449
            ],
            [
              110.249019,
              -7.64645
            ],
            [
              110.24907,
              -7.64635
            ],
            [
              110.24917,
              -7.6463
            ],
            [
              110.249219,
              -7.64611
            ],
            [
              110.249622,
              -7.646075
            ],
            [
              110.249697,
              -7.646075
            ],
            [
              110.249697,
              -7.64615
            ],
            [
              110.249878,
              -7.64627
            ],
            [
              110.25,
              -7.646284
            ],
            [
              110.25,
              -7.646284
            ],
            [
              110.250148,
              -7.646301
            ],
            [
              110.250148,
              -7.646226
            ],
            [
              110.250224,
              -7.646226
            ],
            [
              110.250224,
              -7.646151
            ],
            [
              110.250299,
              -7.646151
            ],
            [
              110.250349,
              -7.646051
            ],
            [
              110.250369,
              -7.645836
            ],
            [
              110.250375,
              -7.645776
            ],
            [
              110.2503,
              -7.645776
            ],
            [
              110.2503,
              -7.645476
            ],
            [
              110.250225,
              -7.645476
            ],
            [
              110.250225,
              -7.645326
            ],
            [
              110.250226,
              -7.6451
            ],
            [
              110.250226,
              -7.644875
            ],
            [
              110.250277,
              -7.644775
            ],
            [
              110.250527,
              -7.644651
            ],
            [
              110.250587,
              -7.644534
            ],
            [
              110.250753,
              -7.644501
            ],
            [
              110.250854,
              -7.644376
            ],
            [
              110.250942,
              -7.644306
            ],
            [
              110.251387,
              -7.643952
            ],
            [
              110.251335,
              -7.643815
            ],
            [
              110.251345,
              -7.643799
            ],
            [
              110.251323,
              -7.643785
            ],
            [
              110.251281,
              -7.643676
            ],
            [
              110.250997,
              -7.643676
            ],
            [
              110.25098,
              -7.643674
            ],
            [
              110.250981,
              -7.6436
            ],
            [
              110.250905,
              -7.6436
            ],
            [
              110.250727,
              -7.643559
            ],
            [
              110.250806,
              -7.64334
            ],
            [
              110.250981,
              -7.6433
            ],
            [
              110.250981,
              -7.643225
            ],
            [
              110.251056,
              -7.643225
            ],
            [
              110.251057,
              -7.64315
            ],
            [
              110.251132,
              -7.64315
            ],
            [
              110.251132,
              -7.643075
            ],
            [
              110.251207,
              -7.643075
            ],
            [
              110.251207,
              -7.643
            ],
            [
              110.251283,
              -7.643
            ],
            [
              110.251283,
              -7.642925
            ],
            [
              110.251358,
              -7.642926
            ],
            [
              110.251417,
              -7.642809
            ],
            [
              110.251584,
              -7.642776
            ],
            [
              110.251584,
              -7.642701
            ],
            [
              110.251659,
              -7.642701
            ],
            [
              110.251659,
              -7.642626
            ],
            [
              110.251735,
              -7.642626
            ],
            [
              110.251735,
              -7.642551
            ],
            [
              110.251885,
              -7.642551
            ],
            [
              110.251885,
              -7.642534
            ],
            [
              110.251885,
              -7.642476
            ],
            [
              110.251961,
              -7.642476
            ],
            [
              110.252337,
              -7.642477
            ],
            [
              110.252337,
              -7.642402
            ],
            [
              110.252433,
              -7.642402
            ],
            [
              110.252563,
              -7.642438
            ],
            [
              110.252638,
              -7.642458
            ],
            [
              110.252638,
              -7.642477
            ],
            [
              110.252707,
              -7.642477
            ],
            [
              110.252856,
              -7.642519
            ],
            [
              110.252863,
              -7.64252
            ],
            [
              110.253111,
              -7.642553
            ],
            [
              110.253206,
              -7.642566
            ],
            [
              110.253271,
              -7.642554
            ],
            [
              110.253391,
              -7.64253
            ],
            [
              110.253452,
              -7.642479
            ],
            [
              110.253465,
              -7.642479
            ],
            [
              110.253465,
              -7.642468
            ],
            [
              110.253541,
              -7.642405
            ],
            [
              110.253542,
              -7.642404
            ],
            [
              110.253616,
              -7.642404
            ],
            [
              110.253616,
              -7.642342
            ],
            [
              110.253632,
              -7.642329
            ],
            [
              110.253767,
              -7.642329
            ],
            [
              110.253767,
              -7.642254
            ],
            [
              110.253917,
              -7.642254
            ],
            [
              110.253917,
              -7.642179
            ],
            [
              110.253993,
              -7.642179
            ],
            [
              110.254068,
              -7.64218
            ],
            [
              110.254154,
              -7.642073
            ],
            [
              110.254157,
              -7.642072
            ],
            [
              110.254712,
              -7.642139
            ]
          ]
        ]
      }
    }
  ]
}